Dátum,Meccs-Id,Hazai-Csapat,Ellenfél-Csapat,Hazai-Gól,Ellenfél-Gól,Hazai-XG,Ellenfél-XG,Hazai-PR,Ellenfél-PR,PR-diff,Hazai-xgPR,Ellenfél-xgPR,Hazai-Mixed-PR,Ellenfél-Mixed-PR,H%,D%,A%,ForeCast-W,ForeCast-D,ForeCast-A
2014-08-22 19:30:00,5447,Bayern Munich,Wolfsburg,2,1,2.57012,1.19842,10,10,0.2500,10,10,10,10,,,,0.7224,0.1814,0.0962
2014-08-23 14:30:00,5448,Hoffenheim,Augsburg,2,0,1.52873,0.280777,10,10,0.7500,10,10,10,10,,,,0.7788,0.1768,0.0444
2014-08-23 14:30:00,5449,Hannover 96,Schalke 04,2,1,1.17979,0.956665,10,10,0.2500,10,10,10,10,,,,0.4179,0.3115,0.2706
2014-08-23 14:30:00,5450,Hertha Berlin,Werder Bremen,2,2,1.75585,1.19453,10,10,-0.2500,10,10,10,10,,,,0.5051,0.319,0.1759
2014-08-23 14:30:00,5451,Eintracht Frankfurt,Freiburg,1,0,1.75331,1.38084,10,10,0.2500,10,10,10,10,,,,0.4641,0.2547,0.2812
2014-08-23 14:30:00,5452,FC Cologne,Hamburger SV,0,0,0.522276,0.913337,10,10,-0.2500,10,10,10,10,,,,0.1907,0.3641,0.4452
2014-08-23 17:30:00,5453,Borussia Dortmund,Bayer Leverkusen,0,2,0.482324,1.14915,10,10,-1.2500,10,10,10,10,,,,0.1428,0.3095,0.5477
2014-08-24 14:30:00,5454,Paderborn,Mainz 05,2,2,0.35254,1.84123,10,10,-0.2500,10,10,10,10,,,,0.0317,0.1405,0.8278
2014-08-24 16:30:00,5455,Borussia M.Gladbach,VfB Stuttgart,1,1,2.40939,0.433199,10,10,-0.2500,10,10,10,10,,,,0.8594,0.1092,0.0314
2014-08-29 19:30:00,5456,Augsburg,Borussia Dortmund,2,3,1.00422,2.30342,9.625,9.375,-0.5000,9.813,9.7083,9.937,9.5417,,,,0.1219,0.1884,0.6897
2014-08-30 14:30:00,5457,Werder Bremen,Hoffenheim,1,1,2.51429,1.29948,10.125,10.375,-0.5000,9.9847,10.187,10.2653,10.063,,,,0.6796,0.2082,0.1122
2014-08-30 14:30:00,5458,VfB Stuttgart,FC Cologne,0,2,0.722885,1.2983,10.125,9.875,-1.0000,9.631,9.7772,10.619,9.9728,,,,0.1737,0.2973,0.529
2014-08-30 14:30:00,5459,Hamburger SV,Paderborn,0,3,1.14049,2.37004,10.125,9.875,-1.5000,10.2228,9.5028,10.0272,10.2472,,,,0.0921,0.1897,0.7182
2014-08-30 14:30:00,5460,Bayer Leverkusen,Hertha Berlin,4,2,2.53036,0.712547,10.625,9.875,1.5000,10.2917,10.0153,10.4583,9.7347,,,,0.8156,0.1395,0.0449
2014-08-30 14:30:00,5461,Wolfsburg,Eintracht Frankfurt,2,2,1.00484,1.59633,9.875,10.125,-0.5000,9.7821,9.9681,10.2179,10.0319,,,,0.1881,0.2795,0.5324
2014-08-30 17:30:00,5462,Schalke 04,Bayern Munich,1,1,1.30795,1.50328,9.875,10.125,-0.5000,10.0692,10.2179,9.9308,9.7821,,,,0.2651,0.3452,0.3897
2014-08-31 14:30:00,5463,Mainz 05,Hannover 96,0,0,1.0088,0.561787,10.125,10.125,-0.2500,10.4972,9.9308,9.7528,10.0692,,,,0.4571,0.3527,0.1902
2014-08-31 16:30:00,5464,Freiburg,Borussia M.Gladbach,0,0,1.30113,0.321709,9.875,9.875,-0.2500,10.0319,10.369,9.9681,9.381,,,,0.7037,0.2368,0.0595
2014-09-12 19:30:00,5411,Bayer Leverkusen,Werder Bremen,3,3,1.98321,1.72618,11.0,10.0,0.5000,10.6212,10.1634,10.3788,9.8366,,,,0.4268,0.2427,0.3305
2014-09-13 14:30:00,5412,Hoffenheim,Wolfsburg,1,1,1.15845,1.63553,10.5,9.75,0.2500,10.0083,9.5092,10.4917,10.2408,,,,0.2355,0.2878,0.4767
2014-09-13 14:30:00,5413,Bayern Munich,VfB Stuttgart,2,0,1.22987,0.310166,10.25,9.5,1.5000,10.3917,9.3621,9.8583,10.1379,,,,0.6226,0.291,0.0864
2014-09-13 14:30:00,5414,Borussia Dortmund,Freiburg,3,1,1.71642,0.261915,9.75,9.75,1.0000,10.1581,10.1518,9.5919,9.5982,,,,0.7627,0.1937,0.0436
2014-09-13 14:30:00,5415,Hertha Berlin,Mainz 05,1,3,1.71631,2.36643,9.5,10.0,-1.6250,9.6858,10.484,9.8142,9.516,,,,0.2092,0.2533,0.5375
2014-09-13 14:30:00,5416,Paderborn,FC Cologne,0,0,0.327136,0.386458,10.75,10.5,0.0000,9.9352,10.0461,10.8148,10.4539,,,,0.1929,0.5372,0.2699
2014-09-13 17:30:00,5417,Borussia M.Gladbach,Schalke 04,4,1,3.37955,1.81788,10.0,9.75,1.5000,10.2491,9.8954,9.7509,9.8546,,,,0.7136,0.1622,0.1242
2014-09-14 14:30:00,5418,Eintracht Frankfurt,Augsburg,0,1,0.845902,1.00028,10.25,9.25,0.0000,10.241,9.3632,10.009,9.8868,,,,0.2929,0.319,0.3881
2014-09-14 16:30:00,5419,Hannover 96,Hamburger SV,2,0,2.22631,0.976735,10.25,9.25,1.7500,9.944,9.7904,10.306,9.4596,,,,0.732,0.1814,0.0866
2014-09-19 19:30:00,5420,Freiburg,Hertha Berlin,2,2,0.869782,0.285542,9.25,8.9375,-0.0625,9.7882,9.4608,9.4618,9.4142,,,,0.4959,0.3865,0.1176
2014-09-20 14:30:00,5421,VfB Stuttgart,Hoffenheim,0,2,1.32987,1.15033,9.125,10.25,-1.8750,9.2572,9.639,9.9928,10.361,,,,0.3832,0.3076,0.3092
2014-09-20 14:30:00,5422,Hamburger SV,Bayern Munich,0,0,0.203118,1.03519,8.875,10.625,-1.5000,9.603,10.4966,9.397,10.0034,,,,0.0643,0.3352,0.6005
2014-09-20 14:30:00,5423,Schalke 04,Eintracht Frankfurt,2,2,1.78008,0.83546,9.125,9.75,-0.6250,9.63,9.9524,9.62,9.5476,,,,0.6483,0.2235,0.1282
2014-09-20 14:30:00,5424,Paderborn,Hannover 96,2,0,2.05175,0.550873,10.625,10.625,0.5000,9.7954,10.1314,10.7046,10.3686,,,,0.7831,0.1507,0.0662
2014-09-20 14:30:00,5425,Augsburg,Werder Bremen,4,2,2.91201,2.02462,9.75,10.25,0.6250,9.6518,10.3491,10.3482,10.1509,,,,0.5838,0.2218,0.1944
2014-09-20 17:30:00,5426,Mainz 05,Borussia Dortmund,2,0,0.974914,2.10376,10.5625,10.25,0.9375,10.709,10.5217,9.916,9.7283,,,,0.0976,0.2129,0.6895
2014-09-21 14:30:00,5427,Wolfsburg,Bayer Leverkusen,4,1,1.55879,0.616799,10.0,10.75,1.1250,9.8785,10.4355,10.3715,10.0645,,,,0.6565,0.2359,0.1076
2014-09-21 16:30:00,5428,FC Cologne,Borussia M.Gladbach,0,0,0.551855,0.772177,10.625,10.625,-0.5000,10.1859,10.5145,10.5641,9.9855,,,,0.2324,0.3899,0.3777
2014-09-23 19:00:00,5429,Hoffenheim,Freiburg,3,3,1.81502,2.44871,10.625,9.0625,0.8125,9.4691,9.7468,10.7809,9.1282,,,,0.2016,0.2541,0.5443
2014-09-23 19:00:00,5430,Bayern Munich,Paderborn,4,0,3.48286,0.402844,10.5,10.875,1.3750,10.5796,9.9206,9.6704,10.5794,,,,0.9669,0.028,0.0051
2014-09-23 19:00:00,5431,Werder Bremen,Schalke 04,0,3,0.992105,1.36741,9.6875,9.125,-1.7500,10.0648,9.8662,9.8102,9.3838,,,,0.2427,0.3009,0.4564
2014-09-23 19:00:00,5432,Eintracht Frankfurt,Mainz 05,2,2,1.45137,1.09799,9.75,10.875,-0.9688,9.7162,10.2393,9.7838,10.5107,,,,0.4354,0.2962,0.2684
2014-09-24 19:00:00,5433,Borussia Dortmund,VfB Stuttgart,2,2,2.13683,1.48044,9.9375,8.75,0.3750,10.9914,9.4271,9.1336,9.5729,,,,0.5251,0.2426,0.2323
2014-09-24 19:00:00,5434,Bayer Leverkusen,Augsburg,1,0,1.65235,0.571159,9.8125,10.3125,-0.7500,10.0125,9.9361,9.3625,10.6889,,,,0.6948,0.2178,0.0874
2014-09-24 19:00:00,5435,Borussia M.Gladbach,Hamburger SV,1,0,2.38906,0.560569,10.875,9.0,1.2500,10.8196,9.52,10.1804,9.73,,,,0.8629,0.1071,0.03
2014-09-24 19:00:00,5436,Hannover 96,FC Cologne,1,0,0.408032,0.695122,10.375,10.375,0.2500,10.0062,9.8808,10.4938,10.3692,,,,0.1754,0.4186,0.406
2014-09-24 19:00:00,5437,Hertha Berlin,Wolfsburg,1,0,0.428365,0.855691,9.125,10.9375,-1.0312,9.5022,10.3015,9.7478,11.0735,,,,0.1688,0.3929,0.4383
2014-09-26 19:30:00,5438,Mainz 05,Hoffenheim,0,0,0.614332,1.08667,10.7969,10.25,0.1719,10.0728,8.9357,10.5209,10.5643,,,,0.1963,0.3225,0.4812
2014-09-27 14:30:00,5439,Freiburg,Bayer Leverkusen,0,0,0.722358,1.17679,9.4375,9.6875,-0.1250,10.2802,9.9078,9.3448,8.9672,,,,0.2093,0.3169,0.4738
2014-09-27 14:30:00,5440,VfB Stuttgart,Hannover 96,1,0,0.826395,0.853246,9.1562,10.5,-0.2813,9.6693,9.8094,10.1432,10.6906,,,,0.2981,0.3667,0.3352
2014-09-27 14:30:00,5441,Schalke 04,Borussia Dortmund,2,1,1.07746,0.662005,10.2812,9.5312,1.4062,10.3663,10.7492,10.4462,8.5633,,,,0.4737,0.3291,0.1972
2014-09-27 14:30:00,5442,FC Cologne,Bayern Munich,0,2,0.821798,3.46966,10.25,11.375,-2.3125,10.0776,11.2246,10.1724,9.7754,,,,0.0172,0.0673,0.9155
2014-09-27 14:30:00,5443,Paderborn,Borussia M.Gladbach,1,2,1.5747,1.43504,10.0,10.5625,-1.3125,9.2756,10.7142,10.4744,9.4108,,,,0.3882,0.2712,0.3406
2014-09-27 17:30:00,5444,Wolfsburg,Werder Bremen,2,1,1.24302,0.32535,10.5469,8.5312,1.6407,10.2677,9.5647,10.576,8.7478,,,,0.6246,0.2844,0.091
2014-09-28 14:30:00,5445,Augsburg,Hertha Berlin,1,0,1.25743,0.283655,10.4375,9.5156,0.5782,10.0408,9.536,11.0842,10.2453,,,,0.7081,0.2383,0.0536
2014-09-28 16:30:00,5446,Hamburger SV,Eintracht Frankfurt,1,2,1.09327,0.232889,9.3125,9.8281,-0.8906,9.6254,9.8827,10.4996,9.7736,,,,0.614,0.3133,0.0727
2014-10-03 19:30:00,5383,Hertha Berlin,VfB Stuttgart,3,2,2.36582,1.42919,9.6875,9.6875,0.0703,9.7144,9.9438,10.6606,10.6812,,,,0.6205,0.2196,0.1599
2014-10-04 14:30:00,5384,Werder Bremen,Freiburg,1,1,1.21503,1.03746,8.7187,9.5,-0.5781,9.7728,10.2291,9.1647,9.5209,,,,0.3724,0.3224,0.3052
2014-10-04 14:30:00,5385,Bayern Munich,Hannover 96,4,0,2.69879,0.443178,11.9688,9.9688,3.3125,11.9803,9.5349,9.7072,10.1526,,,,0.8796,0.0937,0.0267
2014-10-04 14:30:00,5386,Borussia Dortmund,Hamburger SV,0,1,1.20017,1.42953,9.2031,9.125,-0.7812,10.5672,9.903,8.339,10.097,,,,0.2973,0.2783,0.4244
2014-10-04 14:30:00,5387,Bayer Leverkusen,Paderborn,2,2,1.60118,1.12552,9.625,9.625,-0.0938,9.9589,9.1855,8.7911,10.0645,,,,0.4817,0.2933,0.225
2014-10-04 14:30:00,5388,Hoffenheim,Schalke 04,2,1,3.2287,0.847395,10.4375,10.6093,0.0938,9.2413,10.5483,10.6337,10.6705,,,,0.8822,0.0824,0.0354
2014-10-04 17:30:00,5389,Eintracht Frankfurt,FC Cologne,3,2,2.49948,1.12408,10.0156,9.6562,0.8203,9.6051,9.3219,10.1762,10.2406,,,,0.707,0.1748,0.1182
2014-10-05 14:30:00,5390,Wolfsburg,Augsburg,1,0,0.684001,0.666035,10.3594,10.2656,0.2891,10.0596,9.8624,10.1591,10.6689,,,,0.3081,0.3911,0.3008
2014-10-05 16:30:00,5391,Borussia M.Gladbach,Mainz 05,1,1,1.66132,1.10201,10.9375,10.6094,0.1953,10.8043,9.7672,9.8207,10.4515,,,,0.5081,0.3059,0.186
2014-10-18 14:30:00,5392,Bayern Munich,Werder Bremen,6,0,2.49826,0,12.625,8.8203,4.9296,12.2005,9.9188,9.7995,9.2219,,,,0.9696,0.0304,0
2014-10-18 14:30:00,5393,Mainz 05,Augsburg,2,1,1.06245,1.03873,10.6758,10.1679,0.5860,9.6938,10.0103,10.6577,10.5757,,,,0.3417,0.3253,0.333
2014-10-18 14:30:00,5394,Hannover 96,Borussia M.Gladbach,0,3,0.558311,1.61826,9.3125,10.8711,-2.8243,9.3147,10.8777,10.0603,9.6145,,,,0.1003,0.2231,0.6766
2014-10-18 14:30:00,5395,Freiburg,Wolfsburg,1,2,1.00939,1.45969,9.3984,10.4571,-1.3790,10.0831,9.9117,9.4637,10.2523,,,,0.2389,0.2799,0.4812
2014-10-18 14:30:00,5396,VfB Stuttgart,Bayer Leverkusen,3,3,1.30466,1.86824,9.6524,9.5781,-0.2069,9.9245,10.0309,10.8802,8.6253,,,,0.2294,0.2616,0.509
2014-10-18 14:30:00,5397,FC Cologne,Borussia Dortmund,2,1,0.904346,0.825853,9.4257,8.7734,0.6758,8.9976,10.3302,10.354,7.9667,,,,0.3672,0.3434,0.2894
2014-10-18 17:30:00,5398,Schalke 04,Hertha Berlin,2,0,0.80457,0.848507,10.4765,9.7226,1.0430,10.0702,9.7337,11.133,10.4616,,,,0.3198,0.3605,0.3197
2014-10-19 14:30:00,5399,Hamburger SV,Hoffenheim,1,1,1.82378,1.55868,9.5547,10.5703,-0.6093,10.14,9.7194,10.4693,10.1712,,,,0.424,0.2864,0.2896
2014-10-19 16:30:00,5400,Paderborn,Eintracht Frankfurt,3,1,2.37575,0.558647,9.6719,10.2461,0.3711,9.1135,9.9294,10.2303,10.0628,,,,0.8458,0.1156,0.0386
2014-10-24 19:30:00,5401,Werder Bremen,FC Cologne,0,1,0.514564,0.519282,8.2578,9.4374,-1.6269,10.2318,8.7789,9.284,10.3461,,,,0.2675,0.4587,0.2738
2014-10-25 14:30:00,5402,Eintracht Frankfurt,VfB Stuttgart,4,5,2.97969,3.13433,9.7735,9.5118,-0.7851,9.5025,9.643,10.0444,10.8805,,,,0.3578,0.2114,0.4308
2014-10-25 14:30:00,5403,Augsburg,Freiburg,2,0,2.2412,0.909372,10.1288,9.2383,1.2557,10.2153,10.0604,10.5426,9.4161,,,,0.7274,0.1768,0.0958
2014-10-25 14:30:00,5404,Hoffenheim,Paderborn,1,0,1.5035,0.673226,10.3672,10.1446,0.0234,9.45,9.5404,10.0343,10.2487,,,,0.6206,0.2623,0.1171
2014-10-25 14:30:00,5405,Hertha Berlin,Hamburger SV,3,0,2.51297,0.784655,9.578,9.7578,0.9862,10.1001,10.4094,10.3061,10.6062,,,,0.8329,0.1331,0.034
2014-10-25 14:30:00,5406,Borussia Dortmund,Hannover 96,0,1,1.61946,0.695852,8.7617,8.6797,-0.3985,10.5489,9.1669,7.9746,9.6925,,,,0.6186,0.2457,0.1357
2014-10-25 17:30:00,5407,Bayer Leverkusen,Schalke 04,1,0,0.837202,0.145365,9.7187,10.6211,-0.2032,10.3124,9.7038,8.625,11.2885,,,,0.5203,0.4158,0.0639
2014-10-26 14:30:00,5408,Wolfsburg,Mainz 05,3,0,4.06466,1.6222,10.6173,10.7149,1.2617,9.9344,9.4888,10.2999,10.6908,,,,0.8559,0.0904,0.0537
2014-10-26 16:30:00,5409,Borussia M.Gladbach,Bayern Munich,0,0,0.648384,1.2047,11.5039,13.1875,-1.0566,11.0255,11.8875,9.9823,9.7374,,,,0.1842,0.3064,0.5094
2014-10-31 19:30:00,5410,Schalke 04,Augsburg,1,0,1.71186,0.688487,10.2715,10.3114,-0.0361,9.4312,10.2309,11.1119,10.3923,,,,0.6798,0.2196,0.1006
2014-11-01 14:30:00,5348,Mainz 05,Werder Bremen,1,2,1.19297,1.65943,10.0352,8.0342,0.0224,8.9485,10.257,10.6217,9.0615,,,,0.2251,0.2716,0.5033
2014-11-01 14:30:00,5349,Hannover 96,Eintracht Frankfurt,1,0,1.11725,0.353128,8.9199,9.2501,0.4667,8.9262,9.1904,10.1636,9.5596,,,,0.5805,0.3129,0.1066
2014-11-01 14:30:00,5350,VfB Stuttgart,Wolfsburg,0,4,0.924949,2.69946,10.0352,11.297,-2.9591,9.9551,10.4747,11.3653,10.369,,,,0.0589,0.1314,0.8097
2014-11-01 14:30:00,5351,Hamburger SV,Bayer Leverkusen,1,0,1.33863,0.426376,9.1748,10.0683,-0.6631,10.1443,10.585,10.4553,8.8016,,,,0.6818,0.2405,0.0777
2014-11-01 17:30:00,5352,Bayern Munich,Borussia Dortmund,2,1,2.64367,0.942884,12.874,8.5215,2.3896,11.7131,10.7896,9.2848,7.5035,,,,0.7832,0.146,0.0708
2014-11-02 14:30:00,5353,Borussia M.Gladbach,Hoffenheim,3,1,2.46276,0.646539,11.8174,10.2676,1.7315,11.1999,9.308,10.4349,9.7271,,,,0.829,0.1251,0.0459
2014-11-02 16:30:00,5354,FC Cologne,Freiburg,0,1,0.375065,1.46003,9.661,9.0557,-0.2443,8.7537,10.0448,10.5686,9.5664,,,,0.0548,0.2071,0.7381
2014-11-02 16:30:00,5355,Paderborn,Hertha Berlin,3,1,1.96835,0.925677,10.2442,10.161,0.5499,9.6824,10.3652,10.5559,10.457,,,,0.6542,0.2133,0.1325
2014-11-07 19:30:00,5356,Hertha Berlin,Hannover 96,0,2,0.363993,1.09164,9.9276,9.3184,-1.2614,10.3712,9.2657,10.4843,10.371,,,,0.1017,0.3151,0.5832
2014-11-08 14:30:00,5357,Augsburg,Paderborn,3,0,1.66135,0.968616,10.3095,10.4775,1.0484,10.2231,9.6764,10.6462,10.5286,,,,0.5613,0.2527,0.186
2014-11-08 14:30:00,5358,Hoffenheim,FC Cologne,3,4,1.19994,1.30702,10.1768,9.2362,-0.1127,9.2631,8.3077,10.0903,10.4151,,,,0.2901,0.3221,0.3878
2014-11-08 14:30:00,5359,Bayer Leverkusen,Mainz 05,0,0,2.07319,0.293271,9.9531,9.0459,0.6406,10.4917,8.0926,8.9144,9.749,,,,0.8326,0.1359,0.0315
2014-11-08 14:30:00,5360,Eintracht Frankfurt,Bayern Munich,0,4,0.222447,3.03467,8.8516,11.8925,-3.4790,8.8509,10.9068,9.3522,7.8782,,,,0.0011,0.018,0.9809
2014-11-08 14:30:00,5361,Freiburg,Schalke 04,2,0,1.62257,0.526997,9.4805,10.2734,0.5650,10.4908,9.439,9.7199,10.858,,,,0.6822,0.2199,0.0979
2014-11-08 17:30:00,5362,Werder Bremen,VfB Stuttgart,2,0,0.645076,0.774005,9.0235,9.1866,1.5874,11.1129,9.6628,9.9342,10.9603,,,,0.2541,0.3819,0.364
2014-11-09 14:30:00,5363,Wolfsburg,Hamburger SV,2,0,1.95442,0.488693,12.1456,9.29,2.5445,10.767,10.2376,10.774,10.3425,,,,0.7732,0.165,0.0618
2014-11-09 16:30:00,5364,Borussia Dortmund,Borussia M.Gladbach,1,0,2.28053,0.0335359,9.503,11.9082,-0.5072,11.5959,11.2448,8.9101,10.0717,,,,0.9356,0.0626,0.0018
2014-11-22 14:30:00,5365,Bayern Munich,Hoffenheim,4,0,2.08656,1.38014,12.1115,9.6502,3.3535,10.8289,8.9597,7.3942,9.5904,,,,0.5406,0.2377,0.2217
2014-11-22 14:30:00,5366,Schalke 04,Wolfsburg,3,2,1.12048,1.23361,9.5945,11.9901,-1.2095,8.9862,10.4779,10.4529,10.252,,,,0.3087,0.3091,0.3822
2014-11-22 14:30:00,5367,Borussia M.Gladbach,Eintracht Frankfurt,1,3,0.595484,1.73996,10.9592,8.6326,-0.4517,9.9841,8.9288,9.6845,9.8362,,,,0.1005,0.2217,0.6778
2014-11-22 14:30:00,5368,Mainz 05,Freiburg,2,2,1.79109,0.691191,9.1792,10.1594,-1.0129,7.7809,10.9436,10.3273,10.125,,,,0.7034,0.2132,0.0834
2014-11-22 14:30:00,5369,Hannover 96,Bayer Leverkusen,1,3,0.780087,2.36608,10.2537,9.8198,-0.4988,9.8829,10.8034,11.1244,8.3361,,,,0.0686,0.1608,0.7706
2014-11-22 14:30:00,5370,Paderborn,Borussia Dortmund,2,2,0.638364,1.92358,9.8693,10.452,-1.3199,9.645,12.8566,10.0936,9.2973,,,,0.0794,0.1856,0.735
2014-11-22 17:30:00,5371,FC Cologne,Hertha Berlin,1,2,1.12625,0.473541,9.7629,8.9923,0.3663,8.6111,9.754,10.915,9.7309,,,,0.5693,0.3,0.1307
2014-11-23 14:30:00,5372,Hamburger SV,Werder Bremen,2,0,2.60596,1.14769,9.4455,9.8987,0.1635,10.5267,11.4559,10.8645,10.8417,,,,0.7577,0.1609,0.0814
2014-11-23 16:30:00,5373,VfB Stuttgart,Augsburg,0,1,0.382848,2.06226,8.3114,10.9177,-2.7948,9.3198,10.2545,10.0528,11.0812,,,,0.0324,0.1245,0.8431
2014-11-28 19:30:00,5374,Freiburg,VfB Stuttgart,1,4,1.49535,3.36392,10.1758,8.2171,-0.7153,10.685,9.0557,10.4163,10.3784,,,,0.0765,0.1288,0.7947
2014-11-29 14:30:00,5375,Augsburg,Hamburger SV,3,1,2.79213,1.12309,11.012,9.7539,1.2720,10.5186,10.6996,10.7556,10.8083,,,,0.8144,0.1342,0.0514
2014-11-29 14:30:00,5376,Schalke 04,Mainz 05,4,1,1.55889,2.04969,10.1875,9.1628,2.0670,9.301,8.0395,11.0742,10.036,,,,0.2395,0.2574,0.5031
2014-11-29 14:30:00,5377,Bayer Leverkusen,FC Cologne,5,1,2.37812,0.950144,10.2861,9.5608,2.4468,11.1662,8.8221,8.4059,10.5497,,,,0.743,0.1833,0.0737
2014-11-29 14:30:00,5378,Hertha Berlin,Bayern Munich,0,1,0.25622,1.94047,9.1944,12.5576,-2.5536,9.543,10.4516,10.0962,7.6637,,,,0.0276,0.1467,0.8257
2014-11-29 14:30:00,5379,Werder Bremen,Paderborn,4,0,4.47976,0.839366,9.5903,9.5007,1.8249,11.283,8.9551,10.8979,10.0463,,,,0.9642,0.0275,0.0083
2014-11-29 17:30:00,5380,Hoffenheim,Hannover 96,4,3,1.99562,1.81072,9.2041,9.7874,-0.0315,9.337,9.5201,9.3209,11.0546,,,,0.4167,0.2545,0.3288
2014-11-30 14:30:00,5381,Wolfsburg,Borussia M.Gladbach,1,0,1.69265,0.606945,11.3971,9.57,1.5616,10.1631,8.8088,9.6307,8.5815,,,,0.6741,0.2237,0.1022
2014-11-30 16:30:00,5382,Eintracht Frankfurt,Borussia Dortmund,2,0,2.21905,0.769829,10.0218,10.8206,0.8609,10.1041,13.5465,10.9392,9.3446,,,,0.7505,0.1681,0.0814
2014-12-05 19:30:00,5312,Borussia Dortmund,Hoffenheim,1,0,1.58062,0.202706,9.9908,9.48,-0.0475,12.8543,9.4091,8.8771,9.5505,,,,0.7806,0.1847,0.0347
2014-12-06 14:30:00,5313,Borussia M.Gladbach,Hertha Berlin,3,2,1.82786,1.42138,9.7027,9.5992,0.1657,8.9201,9.7767,8.9857,10.9221,,,,0.4659,0.313,0.2211
2014-12-06 14:30:00,5314,Hannover 96,Wolfsburg,1,3,1.6788,1.85576,9.5115,11.2644,-2.1981,9.448,10.0518,10.825,9.2265,,,,0.3312,0.2523,0.4165
2014-12-06 14:30:00,5315,VfB Stuttgart,Schalke 04,0,4,0.675308,1.6953,9.5541,10.7087,-2.4194,10.1098,8.9495,11.2483,11.7181,,,,0.1145,0.2264,0.6591
2014-12-06 14:30:00,5316,Paderborn,Freiburg,1,1,1.38276,0.883469,8.6331,8.8388,-0.1181,8.1774,9.6309,10.0887,9.5464,,,,0.461,0.332,0.207
2014-12-06 14:30:00,5317,FC Cologne,Augsburg,1,2,1.19112,1.35221,8.7,11.019,-2.3434,8.6043,10.4428,10.0459,10.3453,,,,0.2846,0.3242,0.3912
2014-12-06 17:30:00,5318,Bayern Munich,Bayer Leverkusen,1,0,0.947473,0.389245,12.1528,11.1469,0.1201,10.2179,11.384,6.8378,8.9097,,,,0.5123,0.3674,0.1203
2014-12-07 14:30:00,5319,Hamburger SV,Mainz 05,2,1,2.03325,1.02472,9.747,8.6416,1.0599,10.7754,8.391,11.2186,9.3921,,,,0.6324,0.2361,0.1315
2014-12-07 16:30:00,5320,Eintracht Frankfurt,Werder Bremen,5,2,3.8335,1.44207,10.8517,10.458,1.4279,10.7963,12.0607,11.4067,10.8555,,,,0.8705,0.089,0.0405
2014-12-12 19:30:00,5321,Hoffenheim,Eintracht Frankfurt,3,2,3.32968,2.42804,9.7591,11.3688,-0.6739,9.5937,11.1613,10.1741,11.326,,,,0.5937,0.2058,0.2005
2014-12-13 14:30:00,5322,Hertha Berlin,Borussia Dortmund,1,0,0.764752,0.842366,9.5681,9.7117,0.3022,9.894,12.6697,10.9926,8.2535,,,,0.2978,0.3604,0.3418
2014-12-13 14:30:00,5323,Werder Bremen,Hannover 96,3,3,1.84609,1.54036,9.9409,9.2889,-0.0713,11.6957,9.6812,10.9362,10.6467,,,,0.4455,0.2628,0.2917
2014-12-13 14:30:00,5324,Augsburg,Bayern Munich,0,4,0.286173,2.21868,11.0312,11.7099,-2.3618,10.2453,9.6646,10.3172,6.2554,,,,0.0263,0.1239,0.8498
2014-12-13 14:30:00,5325,Schalke 04,FC Cologne,1,2,1.20569,1.14183,11.3411,8.6878,0.8989,8.8369,8.8018,12.0955,10.074,,,,0.328,0.3576,0.3144
2014-12-13 14:30:00,5326,Freiburg,Hamburger SV,0,0,1.46439,0.518828,8.795,9.7242,-0.7251,9.4623,10.7548,9.6274,10.9437,,,,0.6775,0.2286,0.0939
2014-12-13 17:30:00,5327,Mainz 05,VfB Stuttgart,1,1,1.35199,0.54527,8.6644,8.9217,-0.0510,8.4116,10.2224,9.667,10.8709,,,,0.5826,0.2801,0.1373
2014-12-14 14:30:00,5328,Bayer Leverkusen,Borussia M.Gladbach,1,1,1.01373,1.15522,11.5898,9.7338,0.8839,11.9373,8.8028,9.4921,8.9152,,,,0.2963,0.3046,0.3991
2014-12-14 16:30:00,5329,Wolfsburg,Paderborn,1,1,3.22294,0.996117,11.487,8.6769,1.2445,9.8186,8.346,9.4048,10.0077,,,,0.9001,0.0793,0.0206
2014-12-16 19:00:00,5330,Hannover 96,Augsburg,2,0,1.33926,0.693534,9.6505,10.1897,1.0819,9.9664,9.9206,11.0848,9.9588,,,,0.5593,0.3003,0.1404
2014-12-16 19:00:00,5331,Hamburger SV,VfB Stuttgart,0,1,0.436429,1.36453,9.6221,8.8186,-0.3478,10.4164,9.9176,11.078,10.9695,,,,0.0994,0.2592,0.6414
2014-12-16 19:00:00,5332,FC Cologne,Mainz 05,0,0,0.541438,0.482622,9.565,8.7675,0.5358,9.413,8.7164,10.9671,9.5684,,,,0.307,0.4584,0.2346
2014-12-16 19:00:00,5333,Bayern Munich,Freiburg,2,0,2.98351,0.0497566,12.5514,8.8971,2.9469,9.9893,9.8007,6.6138,9.4931,,,,0.9919,0.0079,0.0002
2014-12-17 19:00:00,5334,Eintracht Frankfurt,Hertha Berlin,4,4,2.73817,2.04957,10.9009,9.791,-0.0404,10.718,9.8475,11.0835,11.2349,,,,0.5398,0.2155,0.2447
2014-12-17 19:00:00,5335,Borussia Dortmund,Wolfsburg,2,2,1.30339,1.38959,9.4888,10.7042,-0.5777,12.7162,9.5925,8.0112,8.0653,,,,0.3407,0.2787,0.3806
2014-12-17 19:00:00,5336,Borussia M.Gladbach,Werder Bremen,4,1,2.06898,0.308689,10.2199,9.5793,1.9941,9.3242,11.4105,9.3659,10.4981,,,,0.8889,0.0918,0.0193
2014-12-17 19:00:00,5337,Hoffenheim,Bayer Leverkusen,0,1,0.443131,2.17898,10.227,11.1037,-0.7113,10.037,11.4159,10.4166,9.0414,,,,0.04,0.1259,0.8341
2014-12-17 19:00:00,5338,Paderborn,Schalke 04,1,2,1.41446,1.14959,9.4597,10.4639,-0.4221,8.5721,8.2257,11.3472,11.2024,,,,0.4311,0.28,0.2889
2014-12-19 19:30:00,5339,Mainz 05,Bayern Munich,1,2,0.490212,0.831278,8.8984,12.1977,-2.1574,8.8325,9.869,9.714,5.5266,,,,0.1975,0.3873,0.4152
2014-12-20 14:30:00,5340,Augsburg,Borussia M.Gladbach,2,1,1.65561,2.17588,9.3791,10.8967,-1.2525,9.4486,9.691,9.3097,9.6026,,,,0.2417,0.2465,0.5118
2014-12-20 14:30:00,5341,Werder Bremen,Borussia Dortmund,2,1,2.36795,0.602289,8.9025,9.8076,-0.7004,11.0437,13.0135,10.2614,8.3516,,,,0.8129,0.1352,0.0519
2014-12-20 14:30:00,5342,Schalke 04,Hamburger SV,0,0,1.52587,1.3688,10.1729,9.0465,0.4555,7.6184,9.8587,10.9776,10.7344,,,,0.3999,0.2702,0.3299
2014-12-20 14:30:00,5343,Bayer Leverkusen,Eintracht Frankfurt,1,1,0.861769,1.45883,11.021,10.3257,0.3439,11.5172,10.315,8.5248,10.3362,,,,0.1741,0.279,0.5469
2014-12-20 14:30:00,5344,VfB Stuttgart,Paderborn,0,0,0.772123,0.933283,9.3942,9.7508,-0.2860,10.4753,9.1794,11.3131,11.572,,,,0.284,0.3508,0.3652
2014-12-20 17:30:00,5345,Wolfsburg,FC Cologne,2,1,0.527607,0.401914,10.3854,9.4341,0.6317,9.2952,9.2969,7.7249,10.8215,,,,0.3058,0.4868,0.2074
2014-12-21 14:30:00,5346,Hertha Berlin,Hoffenheim,0,5,0.706377,3.62858,10.3662,10.3097,-2.4755,10.2505,9.9357,11.9822,10.9332,,,,0.0045,0.025,0.9705
2014-12-21 16:30:00,5347,Freiburg,Hannover 96,2,2,1.28555,1.52484,9.2508,10.4611,-1.0836,9.921,10.4384,10.5803,11.7339,,,,0.3144,0.2736,0.412
2015-01-30 19:30:00,5305,Wolfsburg,Bayern Munich,4,1,2.18248,1.91633,10.2256,11.6267,0.7551,8.9168,9.1333,7.5337,4.8704,,,,0.4452,0.2478,0.307
2015-01-31 14:30:00,5306,Mainz 05,Paderborn,5,0,2.8788,0.717538,9.4694,9.7155,2.4301,9.5682,9.1844,10.3702,11.4964,,,,0.8623,0.1003,0.0374
2015-01-31 14:30:00,5307,Freiburg,Eintracht Frankfurt,4,1,3.19272,1.11886,9.3141,10.5014,0.6001,9.9245,10.64,10.7035,10.3626,,,,0.8616,0.1023,0.0361
2015-01-31 14:30:00,5308,VfB Stuttgart,Borussia M.Gladbach,0,1,1.61352,1.27392,9.4295,10.7641,-1.3333,10.4703,9.9385,11.3887,9.34,,,,0.4626,0.2843,0.2531
2015-01-31 14:30:00,5309,Hamburger SV,FC Cologne,0,2,0.601293,1.16042,9.3819,9.5939,-1.2682,10.1549,9.6753,11.1091,11.0127,,,,0.1829,0.302,0.5151
2015-01-31 14:30:00,5310,Schalke 04,Hannover 96,1,0,1.99671,0.91702,9.8375,10.3978,-0.1662,7.3222,10.4349,10.6029,11.6107,,,,0.6543,0.2243,0.1214
2015-01-31 17:30:00,5311,Bayer Leverkusen,Borussia Dortmund,0,0,0.341818,0.451401,10.8453,9.7052,0.2834,11.1922,12.7197,8.4984,8.6906,,,,0.1964,0.5185,0.2851
2015-02-01 14:30:00,5260,Werder Bremen,Hertha Berlin,2,0,0.839904,0.0990819,9.0049,9.1002,1.3865,11.3375,9.5039,9.9224,11.4468,,,,0.5504,0.4063,0.0433
2015-02-01 16:30:00,5261,Augsburg,Hoffenheim,3,1,2.39464,0.609254,9.5116,11.5757,-0.8488,9.2011,10.6823,9.5723,11.4686,,,,0.819,0.1284,0.0526
2015-02-03 19:00:00,5262,Hannover 96,Mainz 05,1,1,1.7109,1.19042,10.2007,10.8075,-1.3210,10.2179,10.1966,11.6836,11.168,,,,0.5083,0.2633,0.2284
2015-02-03 19:00:00,5263,Eintracht Frankfurt,Wolfsburg,1,1,0.948078,1.8612,9.6077,11.3037,-2.0839,9.9778,9.3114,9.9873,8.5452,,,,0.1532,0.225,0.6218
2015-02-03 19:00:00,5264,Bayern Munich,Schalke 04,1,1,0.376661,0.994575,10.5486,10.0345,-0.6305,8.7387,7.5392,3.8589,10.53,,,,0.0978,0.2987,0.6035
2015-02-03 19:00:00,5265,Borussia M.Gladbach,Freiburg,1,0,1.28927,0.884382,10.7635,10.2078,0.0807,9.603,10.5867,9.4243,11.0788,,,,0.4608,0.3092,0.23
2015-02-04 19:00:00,5266,Borussia Dortmund,Augsburg,0,1,0.943193,1.04603,10.1335,10.1192,-0.8325,13.1754,9.7551,9.0916,9.7336,,,,0.3063,0.3253,0.3684
2015-02-04 19:00:00,5267,FC Cologne,VfB Stuttgart,0,0,0.310801,0.621159,10.122,9.4301,0.3597,9.8432,10.8058,11.401,11.3044,,,,0.1548,0.4581,0.3871
2015-02-04 19:00:00,5268,Paderborn,Hamburger SV,0,3,0.81246,2.21275,8.3774,8.8538,-2.3932,8.556,9.987,10.6986,10.7208,,,,0.0657,0.1747,0.7596
2015-02-04 19:00:00,5269,Hertha Berlin,Bayer Leverkusen,0,1,0.531751,1.06863,8.3593,10.4169,-1.9351,9.0778,10.7365,10.8911,8.0974,,,,0.151,0.3466,0.5024
2015-02-04 19:00:00,5270,Hoffenheim,Werder Bremen,1,2,1.33156,0.576349,10.968,9.7458,-0.8132,10.1283,11.7636,11.3073,10.4781,,,,0.5853,0.2762,0.1385
2015-02-06 19:30:00,5271,Schalke 04,Borussia M.Gladbach,1,0,1.03139,0.331344,10.6068,10.526,0.6953,8.266,9.2167,10.9478,9.0856,,,,0.5958,0.3146,0.0896
2015-02-07 14:30:00,5272,FC Cologne,Paderborn,0,0,1.03792,0.58064,9.9559,7.419,1.4146,9.5995,7.9975,11.3125,10.0903,,,,0.4685,0.3461,0.1854
2015-02-07 14:30:00,5273,Freiburg,Borussia Dortmund,0,3,0.159475,2.1517,10.4453,9.7101,-1.0520,10.973,12.9763,11.4175,8.6939,,,,0.0137,0.1063,0.88
2015-02-07 14:30:00,5274,VfB Stuttgart,Bayern Munich,0,2,0.132112,0.0975022,9.5962,9.9763,-1.0709,11.0495,8.0119,11.3929,3.4411,,,,0.1186,0.7945,0.0869
2015-02-07 14:30:00,5275,Mainz 05,Hertha Berlin,0,2,1.5201,1.77083,11.1646,8.4206,0.2699,10.4236,9.2549,11.6552,11.0866,,,,0.2715,0.2947,0.4338
2015-02-07 14:30:00,5276,Wolfsburg,Hoffenheim,3,0,1.37453,1.39639,11.4977,9.9503,2.6296,9.7336,9.5494,8.5109,10.1008,,,,0.3531,0.2904,0.3565
2015-02-07 17:30:00,5277,Hamburger SV,Hannover 96,2,1,0.674771,2.24545,9.8122,9.8436,0.8920,10.5455,9.9909,11.3291,11.1964,,,,0.0564,0.1522,0.7914
2015-02-08 14:30:00,5278,Werder Bremen,Bayer Leverkusen,2,1,0.885549,1.74921,10.7635,10.3556,0.9935,12.3425,10.5594,11.6846,7.9019,,,,0.1003,0.2692,0.6305
2015-02-08 16:30:00,5279,Augsburg,Eintracht Frankfurt,2,2,1.76193,2.01179,10.5426,9.4138,0.6231,9.9542,9.5556,10.1313,10.0216,,,,0.2905,0.283,0.4265
2015-02-13 19:30:00,5280,Borussia Dortmund,Mainz 05,4,2,2.74589,0.691415,10.6037,9.9276,2.1533,13.6179,9.6239,9.0894,10.4808,,,,0.8682,0.1004,0.0314
2015-02-14 14:30:00,5281,Borussia M.Gladbach,FC Cologne,1,0,0.795179,0.390044,10.2188,9.3948,0.7889,8.9844,9.1527,8.9534,10.637,,,,0.4262,0.4077,0.1661
2015-02-14 14:30:00,5282,Bayer Leverkusen,Wolfsburg,4,5,1.98748,2.08631,10.0628,12.0388,-2.1550,10.7325,9.5192,7.3932,9.0574,,,,0.3525,0.2517,0.3958
2015-02-14 14:30:00,5283,Hoffenheim,VfB Stuttgart,2,1,1.20262,0.1911,9.4092,9.2508,0.2313,9.7638,11.2128,9.5543,11.0389,,,,0.6579,0.2876,0.0545
2015-02-14 14:30:00,5284,Werder Bremen,Augsburg,3,2,2.62945,0.585109,11.0563,10.2897,0.9062,12.1694,9.6389,12.1933,9.9409,,,,0.8664,0.0995,0.0341
2015-02-14 14:30:00,5285,Bayern Munich,Hamburger SV,8,0,4.17851,0.230619,10.3217,10.2739,3.7158,7.8486,10.3646,3.7951,12.1835,,,,0.9934,0.0054,0.0012
2015-02-14 17:30:00,5286,Eintracht Frankfurt,Schalke 04,1,0,1.11898,1.09914,9.6667,10.914,-0.4008,9.8709,8.4983,10.212,11.08,,,,0.345,0.3174,0.3376
2015-02-15 14:30:00,5287,Hertha Berlin,Freiburg,0,2,0.491416,0.927697,9.6577,9.5517,-0.1317,10.0546,10.3314,12.261,11.022,,,,0.1626,0.3593,0.4781
2015-02-15 16:30:00,5288,Hannover 96,Paderborn,1,2,0.858803,0.98493,9.3819,7.9802,-0.5606,10.1718,8.4443,10.342,10.7658,,,,0.2866,0.3675,0.3459
2015-02-20 19:30:00,5289,VfB Stuttgart,Borussia Dortmund,2,3,1.55893,1.56399,9.2143,11.3423,-2.2016,11.1734,14.3701,11.2553,9.3144,,,,0.3565,0.2988,0.3447
2015-02-21 14:30:00,5290,Freiburg,Hoffenheim,1,1,0.600548,0.565627,9.6705,9.4457,-0.0964,10.0593,9.8032,11.0318,9.3379,,,,0.3027,0.4272,0.2701
2015-02-21 14:30:00,5291,Augsburg,Bayer Leverkusen,2,2,1.92692,1.93428,10.2199,9.9733,-0.1168,9.308,10.8683,10.3822,7.3284,,,,0.3828,0.2393,0.3779
2015-02-21 14:30:00,5292,Mainz 05,Eintracht Frankfurt,3,1,1.29637,0.851176,9.189,10.0899,-0.2813,8.8717,10.0491,10.2558,10.6303,,,,0.4706,0.3202,0.2092
2015-02-21 14:30:00,5293,Schalke 04,Werder Bremen,1,1,1.19124,1.38186,10.4908,11.1261,-0.8141,8.3201,12.5003,10.6617,11.752,,,,0.2912,0.2924,0.4164
2015-02-21 14:30:00,5294,Paderborn,Bayern Munich,0,6,0.380499,3.12815,8.9613,12.1557,-5.2737,9.207,8.6695,11.7154,4.6421,,,,0.0071,0.0364,0.9565
2015-02-21 17:30:00,5295,FC Cologne,Hannover 96,1,1,1.54226,0.979608,9.4123,8.4008,0.7550,9.3189,9.4091,10.7558,9.3924,,,,0.5083,0.2799,0.2118
2015-02-22 14:30:00,5296,Hamburger SV,Borussia M.Gladbach,1,1,1.04376,0.657812,8.4399,10.2013,-2.0389,9.5437,8.8182,11.3365,8.8346,,,,0.4504,0.3301,0.2195
2015-02-22 16:30:00,5297,Wolfsburg,Hertha Berlin,2,1,1.77626,0.563215,12.1283,9.5389,1.6488,9.3834,10.3267,9.1222,12.2512,,,,0.6989,0.2221,0.079
2015-02-27 19:30:00,5298,Bayern Munich,FC Cologne,4,1,3.92268,0.494166,13.1953,9.2841,3.7895,8.896,9.3313,4.9948,10.4869,,,,0.9785,0.0189,0.0026
2015-02-28 14:30:00,5299,Borussia Dortmund,Schalke 04,3,0,4.81308,0.0386148,11.3791,10.4014,1.8019,14.1581,8.183,9.3499,10.6199,,,,0.9991,0.0009,0
2015-02-28 14:30:00,5300,Bayer Leverkusen,Freiburg,1,0,0.57152,0.271169,10.155,9.5099,0.7437,11.0519,9.9074,7.5083,10.8624,,,,0.3599,0.4914,0.1487
2015-02-28 14:30:00,5301,Hoffenheim,Mainz 05,2,0,2.25024,2.16818,9.6063,9.4988,0.7291,9.9551,8.7928,9.5073,10.4543,,,,0.4046,0.2355,0.3599
2015-02-28 14:30:00,5302,Hannover 96,VfB Stuttgart,1,1,1.5399,0.742277,8.529,9.1775,-0.4918,9.3967,11.3854,9.6613,11.2198,,,,0.5882,0.2619,0.1499
2015-02-28 14:30:00,5303,Hertha Berlin,Augsburg,1,0,1.26944,0.663246,10.0092,10.0382,0.5615,10.7437,9.1244,13.0247,10.2023,,,,0.5368,0.2942,0.169
2015-02-28 17:30:00,5304,Eintracht Frankfurt,Hamburger SV,2,1,2.21323,1.43145,9.7801,8.3011,0.9040,10.128,9.5014,10.4318,11.1012,,,,0.5852,0.2424,0.1724
2015-03-01 14:30:00,5231,Borussia M.Gladbach,Paderborn,2,0,1.43897,0.746314,10.3401,7.9217,2.5484,8.8605,8.9805,9.0699,11.3627,,,,0.5541,0.2764,0.1695
2015-03-01 16:30:00,5232,Werder Bremen,Wolfsburg,3,5,1.44281,2.5513,11.2155,11.658,-1.1914,12.6374,8.9664,11.7938,8.3487,,,,0.1394,0.2043,0.6563
2015-03-06 19:30:00,5233,VfB Stuttgart,Hertha Berlin,0,0,1.07906,0.682492,9.0991,10.3044,-1.0395,11.1076,10.9405,11.3408,13.1684,,,,0.4522,0.3507,0.1971
2015-03-07 14:30:00,5234,Hamburger SV,Borussia Dortmund,0,0,0.735406,0.505015,8.5886,11.7912,-1.9136,9.8435,15.0138,11.5841,8.5684,,,,0.4105,0.3924,0.1971
2015-03-07 14:30:00,5235,Augsburg,Wolfsburg,1,0,1.44291,0.390951,9.743,12.0324,-1.2295,8.9276,9.118,10.0586,8.446,,,,0.7607,0.1923,0.047
2015-03-07 14:30:00,5236,Hannover 96,Bayern Munich,1,3,0.205925,1.33559,8.6074,13.1344,-3.4438,9.6745,8.9423,9.5403,4.0768,,,,0.0327,0.1968,0.7705
2015-03-07 14:30:00,5237,Freiburg,Werder Bremen,0,1,0.430875,0.649704,9.4606,10.8411,-1.2777,10.033,12.4858,10.8882,11.6965,,,,0.2014,0.4522,0.3464
2015-03-07 14:30:00,5238,Schalke 04,Hoffenheim,3,1,2.12473,1.9462,9.9893,9.9171,0.4246,7.3273,9.7864,11.4014,9.7976,,,,0.4234,0.2448,0.3318
2015-03-07 17:30:00,5239,Mainz 05,Borussia M.Gladbach,2,2,1.21471,1.44907,9.188,10.4051,-1.0465,8.9615,8.5987,10.164,8.9617,,,,0.2764,0.2876,0.436
2015-03-08 14:30:00,5240,FC Cologne,Eintracht Frankfurt,4,2,1.74567,1.89213,9.345,9.4926,0.8504,9.285,9.7859,11.4049,9.9489,,,,0.299,0.2964,0.4046
2015-03-08 16:30:00,5241,Paderborn,Bayer Leverkusen,0,3,0.755297,1.17926,7.8567,10.2043,-2.9809,9.2423,10.9263,11.4709,7.4825,,,,0.2109,0.3084,0.4807
2015-03-13 19:30:00,5242,Bayer Leverkusen,VfB Stuttgart,4,0,1.59835,1.03528,10.521,9.182,2.5364,10.599,11.2897,7.6932,11.3246,,,,0.5154,0.2686,0.216
2015-03-14 14:30:00,5243,Augsburg,Mainz 05,0,2,0.94984,1.62842,10.2729,9.2733,-0.5279,9.4705,8.9882,10.3256,10.3079,,,,0.1924,0.2637,0.5439
2015-03-14 14:30:00,5244,Hoffenheim,Hamburger SV,3,0,2.66878,0.438761,9.7409,9.2331,1.0936,10.0655,10.5456,9.666,12.171,,,,0.899,0.0796,0.0214
2015-03-14 14:30:00,5245,Hertha Berlin,Schalke 04,2,2,1.64453,1.99192,10.2215,10.1655,-0.3515,10.7584,7.0482,13.1846,11.533,,,,0.2458,0.3089,0.4453
2015-03-14 14:30:00,5246,Werder Bremen,Bayern Munich,0,4,0.290321,2.18396,10.7897,12.5928,-2.9064,12.2391,8.1831,11.5904,3.2528,,,,0.0146,0.0857,0.8997
2015-03-14 14:30:00,5247,Eintracht Frankfurt,Paderborn,4,0,1.726,0.634028,8.9936,7.54,2.3857,9.8235,9.5696,9.4133,11.2602,,,,0.6716,0.2255,0.1029
2015-03-14 17:30:00,5248,Borussia Dortmund,FC Cologne,0,0,0.5365,0.938097,11.1467,9.844,-0.1704,14.3117,9.2474,7.9815,11.9405,,,,0.1901,0.3507,0.4592
2015-03-15 14:30:00,5249,Wolfsburg,Freiburg,3,0,2.68949,1.21009,11.5025,9.512,1.9546,8.5751,10.2797,8.179,10.9943,,,,0.7485,0.1634,0.0881
2015-03-15 16:30:00,5250,Borussia M.Gladbach,Hannover 96,2,0,3.30586,0.395038,10.3198,9.149,1.0220,8.572,10.4337,8.8178,10.3643,,,,0.9646,0.0297,0.0057
2015-03-20 19:30:00,5251,Hamburger SV,Hertha Berlin,0,1,0.482112,0.7084,8.9402,10.0177,-1.3333,10.4452,10.4678,12.4356,13.0677,,,,0.2066,0.4186,0.3748
2015-03-21 14:30:00,5252,FC Cologne,Werder Bremen,1,1,1.76655,0.570166,10.5805,10.238,0.5654,10.0843,12.214,12.5767,11.5121,,,,0.7264,0.1959,0.0777
2015-03-21 14:30:00,5253,Paderborn,Hoffenheim,0,0,1.07174,0.267507,7.074,10.0338,-2.1094,9.8306,10.1659,11.0672,9.4014,,,,0.5776,0.3389,0.0835
2015-03-21 14:30:00,5254,Hannover 96,Borussia Dortmund,2,3,0.927629,2.31429,9.2234,10.4101,-0.9378,10.2804,13.4748,11.1664,7.3453,,,,0.0943,0.1752,0.7305
2015-03-21 14:30:00,5255,Freiburg,Augsburg,2,0,2.10189,1.10909,9.53,9.5091,1.1513,10.6778,9.0371,11.3821,9.7315,,,,0.6456,0.2074,0.147
2015-03-21 14:30:00,5256,VfB Stuttgart,Eintracht Frankfurt,3,1,2.22419,1.35468,8.5833,9.4596,-0.2205,11.5502,9.5625,10.8667,9.6063,,,,0.6316,0.2285,0.1399
2015-03-21 17:30:00,5257,Schalke 04,Bayer Leverkusen,0,1,1.79663,1.3174,10.3693,11.1197,-1.3226,7.3388,10.3385,11.6499,8.1511,,,,0.4951,0.2638,0.2411
2015-03-22 14:30:00,5258,Mainz 05,Wolfsburg,1,1,1.02675,0.811129,10.0371,11.4845,-0.5828,9.4216,8.177,10.902,7.7912,,,,0.3812,0.333,0.2858
2015-03-22 16:30:00,5259,Bayern Munich,Borussia M.Gladbach,0,2,0.70739,0.604102,13.1445,10.2454,0.5126,8.2082,8.7253,3.3311,8.0157,,,,0.3257,0.3968,0.2775
2015-04-04 14:30:00,5195,Werder Bremen,Mainz 05,0,0,0.718931,0.92075,10.1266,10.4694,-0.6932,11.8035,9.9078,11.6998,11.2804,,,,0.2699,0.3574,0.3727
2015-04-04 14:30:00,5196,Eintracht Frankfurt,Hannover 96,2,2,1.03699,1.33074,9.1317,9.3478,-0.5842,9.5172,10.3082,9.4958,11.6375,,,,0.2545,0.3002,0.4453
2015-04-04 14:30:00,5197,Freiburg,FC Cologne,1,0,0.504147,0.844825,10.0952,10.6919,0.1785,10.9912,10.4948,11.6991,12.389,,,,0.2019,0.3768,0.4213
2015-04-04 14:30:00,5198,Hoffenheim,Borussia M.Gladbach,1,4,2.32046,3.20249,9.6086,11.4386,-3.4742,9.5396,9.3927,9.1772,9.2348,,,,0.2067,0.198,0.5953
2015-04-04 14:30:00,5199,Bayer Leverkusen,Hamburger SV,4,0,3.81979,0.35348,11.4058,8.8123,3.2538,10.2548,10.5107,8.557,12.3643,,,,0.9788,0.0189,0.0023
2015-04-04 14:30:00,5200,Wolfsburg,VfB Stuttgart,3,1,3.74206,1.92469,11.0522,8.9112,1.4404,7.6908,11.5955,7.4128,10.9772,,,,0.7651,0.1379,0.097
2015-04-04 17:30:00,5201,Borussia Dortmund,Bayern Munich,0,1,0.51879,0.759126,10.2857,11.9513,-1.0484,13.447,7.5408,6.8742,2.112,,,,0.2054,0.3901,0.4045
2015-04-05 14:30:00,5202,Augsburg,Schalke 04,0,0,0.927284,0.933294,8.9439,10.0832,-0.9592,8.7237,7.4225,9.4145,11.244,,,,0.3397,0.3221,0.3382
2015-04-05 16:30:00,5203,Hertha Berlin,Paderborn,2,0,1.84498,0.563136,10.1456,7.4992,1.9245,10.4023,10.4569,13.139,11.2914,,,,0.737,0.1842,0.0788
2015-04-10 19:30:00,5204,Hannover 96,Hertha Berlin,1,1,1.67956,0.358149,9.5318,9.7847,-0.1040,10.5657,9.8618,11.7481,12.4576,,,,0.8224,0.1504,0.0272
2015-04-11 14:30:00,5205,Bayern Munich,Eintracht Frankfurt,3,0,2.15165,0.243596,11.6427,8.9476,2.5353,7.0423,9.2597,1.7433,9.3852,,,,0.9228,0.0698,0.0074
2015-04-11 14:30:00,5206,Schalke 04,Freiburg,0,0,1.06643,1.26863,9.9931,10.4828,-0.7337,7.334,11.0437,11.1524,12.1719,,,,0.2689,0.3069,0.4242
2015-04-11 14:30:00,5207,Borussia M.Gladbach,Borussia Dortmund,3,1,2.08503,0.699622,12.2607,10.5943,1.8399,9.6853,13.9455,9.8364,7.2429,,,,0.7475,0.175,0.0775
2015-04-11 14:30:00,5208,Mainz 05,Bayer Leverkusen,2,3,2.21349,0.970257,10.6446,11.7359,-1.3731,10.1335,10.4515,11.4052,8.0205,,,,0.7425,0.1744,0.0831
2015-04-11 14:30:00,5209,Paderborn,Augsburg,2,1,2.35597,0.637449,7.8601,9.0339,-0.2014,10.9974,8.8122,11.9728,9.5061,,,,0.8337,0.1214,0.0449
2015-04-11 17:30:00,5210,Hamburger SV,Wolfsburg,0,2,0.141435,2.16383,8.4822,10.7019,-2.3498,10.314,7.2948,12.9008,6.6082,,,,0.0131,0.0811,0.9058
2015-04-12 14:30:00,5211,FC Cologne,Hoffenheim,3,2,2.55523,2.32029,10.3043,8.7865,1.2261,10.4423,9.247,11.9162,8.5756,,,,0.4466,0.2392,0.3142
2015-04-12 16:30:00,5212,VfB Stuttgart,Werder Bremen,3,2,2.35291,0.448325,9.2615,9.9514,0.1678,11.9915,11.5778,11.7818,11.575,,,,0.8582,0.1084,0.0334
2015-04-17 19:30:00,5213,Eintracht Frankfurt,Borussia M.Gladbach,0,0,1.45853,1.06606,9.0275,12.3475,-1.9135,9.6126,9.6184,9.9421,9.5768,,,,0.4583,0.2897,0.252
2015-04-18 14:30:00,5214,Freiburg,Mainz 05,2,3,1.28235,2.30496,10.6048,10.5037,-0.5680,11.2162,10.5534,12.2434,10.9535,,,,0.1465,0.196,0.6575
2015-04-18 14:30:00,5215,Hoffenheim,Bayern Munich,0,2,0.668652,1.52453,8.9323,11.5628,-2.4524,9.5841,6.6894,8.7802,1.1864,,,,0.137,0.2623,0.6007
2015-04-18 14:30:00,5216,Hertha Berlin,FC Cologne,0,0,1.06799,0.54042,9.7103,10.1585,-0.4384,9.457,10.1052,12.7135,11.7116,,,,0.5006,0.3305,0.1689
2015-04-18 14:30:00,5217,Borussia Dortmund,Paderborn,3,0,3.20767,0.123904,10.5075,8.3463,2.0441,14.0124,11.6632,7.5025,12.0293,,,,0.9718,0.0253,0.0029
2015-04-18 14:30:00,5218,Bayer Leverkusen,Hannover 96,4,0,2.60733,0.326006,11.8768,9.6063,2.9184,10.0316,10.9705,8.4722,11.4922,,,,0.9117,0.0752,0.0131
2015-04-18 17:30:00,5219,Augsburg,VfB Stuttgart,2,1,1.14401,2.41152,8.5477,9.6904,-0.7789,8.1464,12.6465,9.4496,11.7345,,,,0.1035,0.1871,0.7094
2015-04-19 14:30:00,5220,Werder Bremen,Hamburger SV,1,0,1.3478,0.433841,9.5225,8.4172,0.6207,10.9228,10.2434,11.6223,13.3414,,,,0.6717,0.2447,0.0836
2015-04-19 16:30:00,5221,Wolfsburg,Schalke 04,1,1,1.08185,0.285232,10.7669,9.8711,0.2914,7.3654,7.1614,6.1676,11.0809,,,,0.5691,0.3381,0.0928
2015-04-24 19:30:00,5222,Mainz 05,Schalke 04,2,0,1.53987,1.25458,10.8383,10.1733,1.0987,10.8936,7.2644,11.0324,11.5823,,,,0.4565,0.2693,0.2742
2015-04-25 14:30:00,5223,Hannover 96,Hoffenheim,1,2,1.30305,1.26477,9.2823,9.0213,-0.8260,11.0762,9.9592,11.7386,9.0832,,,,0.3593,0.3212,0.3195
2015-04-25 14:30:00,5224,VfB Stuttgart,Freiburg,2,2,1.20966,2.04706,9.5085,10.2702,-0.5545,13.0315,10.876,11.2357,12.1645,,,,0.1558,0.2378,0.6064
2015-04-25 14:30:00,5225,Hamburger SV,Augsburg,3,2,1.7695,1.44372,8.6595,8.7296,0.2452,10.5072,7.7614,13.8122,9.9484,,,,0.4488,0.2615,0.2897
2015-04-25 14:30:00,5226,FC Cologne,Bayer Leverkusen,1,1,1.30026,1.19204,10.1536,12.2008,-1.4380,9.9684,9.9259,11.8386,8.2258,,,,0.3542,0.3295,0.3163
2015-04-25 14:30:00,5227,Borussia Dortmund,Eintracht Frankfurt,2,0,2.47437,0.372545,10.4489,9.7308,0.7281,13.9748,10.414,6.673,10.5473,,,,0.8955,0.0835,0.021
2015-04-25 17:30:00,5228,Bayern Munich,Hertha Berlin,1,0,0.896545,0.951998,11.4737,9.7152,1.0823,6.3143,9.5938,0.8834,12.5865,,,,0.2929,0.3348,0.3723
2015-04-26 14:30:00,5229,Paderborn,Werder Bremen,2,2,1.96537,0.959164,8.4048,9.2802,-0.5373,11.7008,10.659,12.8588,11.1515,,,,0.6241,0.2354,0.1405
2015-04-26 16:30:00,5230,Borussia M.Gladbach,Wolfsburg,1,0,1.65493,0.422562,11.6442,10.4647,0.6392,8.817,7.2624,8.9716,5.6662,,,,0.7038,0.2136,0.0826
2015-05-02 14:30:00,5159,Schalke 04,VfB Stuttgart,3,2,2.46865,1.13594,9.9565,9.6121,0.2620,7.4762,12.9257,11.4368,11.5486,,,,0.7111,0.1805,0.1084
2015-05-02 14:30:00,5160,Wolfsburg,Hannover 96,2,2,1.52891,1.41691,10.7349,8.7388,1.1549,7.4745,10.7923,6.2444,11.1855,,,,0.3861,0.2833,0.3306
2015-05-02 14:30:00,5161,Augsburg,FC Cologne,0,0,1.43037,0.292827,8.572,10.4582,-1.4242,7.7723,10.3,9.8722,12.1161,,,,0.7156,0.2234,0.061
2015-05-02 14:30:00,5162,Hoffenheim,Borussia Dortmund,1,1,1.6206,1.17707,9.5648,10.4539,-0.4253,10.2431,14.0053,9.6363,6.1525,,,,0.4819,0.2661,0.252
2015-05-02 14:30:00,5163,Werder Bremen,Eintracht Frankfurt,1,0,2.86921,1.2158,9.1112,9.7258,-0.1393,10.2384,10.3835,11.234,11.0678,,,,0.7704,0.1453,0.0843
2015-05-02 14:30:00,5164,Freiburg,Paderborn,1,2,1.70774,1.3154,10.1666,8.5739,-0.0900,10.9817,12.1214,11.8516,12.7763,,,,0.4703,0.2612,0.2685
2015-05-02 17:30:00,5165,Bayer Leverkusen,Bayern Munich,2,0,1.12021,1.20915,11.8962,11.1356,1.1471,9.5943,5.7123,7.9483,0.5591,,,,0.3176,0.2904,0.392
2015-05-03 14:30:00,5166,Mainz 05,Hamburger SV,1,2,0.667039,0.602455,11.0552,8.8171,0.3987,10.6818,10.4963,11.1779,13.8884,,,,0.3201,0.4059,0.274
2015-05-03 16:30:00,5167,Hertha Berlin,Borussia M.Gladbach,1,2,1.09646,2.19034,10.0533,11.3741,-1.1063,10.1958,8.6049,12.9108,8.3934,,,,0.1361,0.2219,0.642
2015-05-08 19:30:00,5168,Hamburger SV,Freiburg,1,1,1.56791,1.88887,9.7368,9.3253,0.8362,11.1499,10.4884,14.8242,10.9122,,,,0.2678,0.2767,0.4555
2015-05-09 14:30:00,5169,Bayern Munich,Augsburg,0,1,1.17797,2.58299,10.9424,8.803,0.1076,6.0413,8.2877,0.3436,9.8188,,,,0.099,0.1597,0.7413
2015-05-09 14:30:00,5170,Borussia Dortmund,Hertha Berlin,2,0,1.78902,0.135418,10.222,10.1606,0.6111,13.6625,10.2796,6.0315,13.2915,,,,0.8595,0.1268,0.0137
2015-05-09 14:30:00,5171,Borussia M.Gladbach,Bayer Leverkusen,3,0,2.05603,0.58536,11.2668,12.0894,0.6885,8.5211,9.2653,8.0127,8.1638,,,,0.7794,0.1561,0.0645
2015-05-09 14:30:00,5172,Hannover 96,Werder Bremen,1,1,1.17255,0.490122,9.1594,9.3489,-0.2533,11.1849,10.6394,11.6341,11.0583,,,,0.5584,0.3054,0.1362
2015-05-09 14:30:00,5173,Eintracht Frankfurt,Hoffenheim,3,1,0.906802,0.788645,9.4881,9.7967,0.3609,9.9825,10.5859,11.2435,9.7573,,,,0.3427,0.3633,0.294
2015-05-09 17:30:00,5174,VfB Stuttgart,Mainz 05,2,0,2.70104,0.278579,9.6533,10.1355,0.9893,12.8837,10.0282,11.923,10.2421,,,,0.9373,0.0526,0.0101
2015-05-10 14:30:00,5175,Paderborn,Wolfsburg,1,3,1.26876,1.68486,9.4153,10.3143,-1.0685,12.6147,7.0819,13.7157,5.7958,,,,0.2433,0.2693,0.4874
2015-05-10 16:30:00,5176,FC Cologne,Schalke 04,2,0,1.52646,0.236428,10.2272,9.9153,0.8110,9.7846,7.5182,12.1695,11.0624,,,,0.7754,0.1899,0.0347
2015-05-16 14:30:00,5177,Schalke 04,Paderborn,1,0,1.05307,0.87016,9.6657,9.3306,0.3351,7.4461,12.9259,11.1353,13.735,,,,0.4031,0.3153,0.2816
2015-05-16 14:30:00,5178,Bayer Leverkusen,Hoffenheim,2,0,1.17358,0.692454,11.3339,9.4619,1.4757,8.8921,10.7216,7.7759,9.4521,,,,0.4878,0.3122,0.2
2015-05-16 14:30:00,5179,Wolfsburg,Borussia Dortmund,2,1,1.65992,1.77219,10.399,10.4968,0.1060,6.7707,13.8508,5.7765,5.8929,,,,0.319,0.2755,0.4055
2015-05-16 14:30:00,5180,Augsburg,Hannover 96,1,2,1.03797,0.466165,9.8189,9.1275,0.1196,9.4049,11.3236,10.4834,11.4316,,,,0.5779,0.3117,0.1104
2015-05-16 14:30:00,5181,Mainz 05,FC Cologne,2,0,1.67686,1.01035,9.3997,10.4768,-0.2812,9.1868,9.8567,10.1119,12.0966,,,,0.5441,0.2556,0.2003
2015-05-16 14:30:00,5182,Werder Bremen,Borussia M.Gladbach,0,2,1.20572,1.45177,9.3808,12.0223,-2.9325,10.5007,8.8943,11.2608,8.4006,,,,0.2776,0.2949,0.4275
2015-05-16 14:30:00,5183,Hertha Berlin,Eintracht Frankfurt,0,0,1.08366,0.0408065,9.8858,9.8228,-0.5233,10.0913,9.8468,13.4301,11.5487,,,,0.7035,0.2845,0.012
2015-05-16 14:30:00,5184,VfB Stuttgart,Hamburger SV,2,1,2.50374,0.197392,10.3891,9.9492,0.7317,13.7251,11.282,12.0532,15.1168,,,,0.92,0.0682,0.0118
2015-05-16 14:30:00,5185,Freiburg,Bayern Munich,2,1,0.656099,1.91964,9.1129,9.9265,0.2449,10.3563,4.9241,10.6196,-0.321,,,,0.0827,0.1964,0.7209
2015-05-23 14:30:00,5186,FC Cologne,Wolfsburg,2,2,0.909494,2.05941,10.0789,10.5009,-0.7109,9.7921,6.5946,11.8653,5.9065,,,,0.1138,0.196,0.6902
2015-05-23 14:30:00,5187,Hamburger SV,Schalke 04,2,0,1.10308,1.09683,9.8033,9.6657,0.7459,10.8095,7.2418,15.5475,11.0896,,,,0.3579,0.2992,0.3429
2015-05-23 14:30:00,5188,Eintracht Frankfurt,Bayer Leverkusen,2,1,1.11352,0.836413,10.1159,11.1357,-0.0143,9.8792,8.3142,12.1025,7.4574,,,,0.4338,0.3157,0.2505
2015-05-23 14:30:00,5189,Hannover 96,Freiburg,2,1,0.593454,0.661015,9.4134,9.6422,0.0139,11.2165,10.3197,11.8605,11.4648,,,,0.2724,0.4143,0.3133
2015-05-23 14:30:00,5190,Hoffenheim,Hertha Berlin,2,1,0.893112,0.485545,9.6601,9.5927,0.5294,11.2995,10.0589,9.7706,12.8763,,,,0.4555,0.3685,0.176
2015-05-23 14:30:00,5191,Borussia M.Gladbach,Augsburg,1,3,1.32784,0.664595,12.1678,9.533,0.2831,8.6013,9.512,8.4846,10.0545,,,,0.5674,0.2871,0.1455
2015-05-23 14:30:00,5192,Bayern Munich,Mainz 05,2,0,2.34132,0.328659,9.3972,9.7976,0.0862,4.9607,9.2514,-1.1662,10.3432,,,,0.8815,0.0953,0.0232
2015-05-23 14:30:00,5193,Borussia Dortmund,Werder Bremen,3,2,2.90398,0.964946,10.3949,9.2353,0.8516,14.0269,10.7937,5.7629,11.1768,,,,0.8092,0.1262,0.0646
2015-05-23 14:30:00,5194,Paderborn,VfB Stuttgart,1,2,0.538797,2.42856,9.3306,10.535,-1.4252,13.1302,14.1976,13.7807,11.6225,,,,0.035,0.1169,0.8481
