id,player_name,games,time,goals,xG,assists,xA,shots,key_passes,yellow_cards,red_cards,position,team_title,npg,npxG,xGChain,xGBuildup
8636,Jonathan Christian David,19,1366,12,10.691338706761599,0,1.9690433945506811,36,17,1,0,F S,Lille,10,8.411053467541933,11.642399743199348,2.441294852644205
3210,Wissam Ben Yedder,19,1161,10,7.548313867300749,2,2.684418687596917,23,15,1,0,F S,Monaco,5,3.7478380911052227,7.699516972526908,1.4669011980295181
3423,Kylian Mbappe-Lottin,18,1529,10,11.597031477838755,8,6.109222233295441,67,34,4,0,F S,Paris Saint Germain,8,10.076841246336699,18.58629733324051,5.85856531187892
6905,Ludovic Ajorque,18,1451,10,9.071526557207108,6,3.9870968237519264,36,23,4,1,F S,Strasbourg,8,7.551336262375116,12.486232995986938,2.523951683193445
3746,Gaetan Laborde,20,1745,9,10.664238877594471,4,4.180920783430338,68,22,2,0,F M,"Montpellier,Rennes",9,10.664238877594471,14.596177926287055,2.0115702226758003
5611,Martin Terrier,19,1321,9,6.693310808390379,0,2.2407051268965006,39,16,0,0,F M,Rennes,9,6.693310808390379,12.24661572277546,6.044224366545677
6401,Amine Gouiri,21,1609,9,9.161484831944108,6,4.992748704738915,44,35,2,0,F M S,Nice,7,6.121104238554835,10.757917612791061,2.6526119764894247
9646,Mohamed Bayo,17,1354,9,7.3175457790493965,2,2.141691081225872,39,19,0,0,F S,Clermont Foot,8,6.557450629770756,8.964278005063534,1.8755088690668344
3530,Andy Delort,19,1419,8,9.229847775772214,2,4.373159468173981,63,30,3,0,F S,"Montpellier,Nice",7,8.469818221405149,11.921978110447526,2.04175516217947
5769,Habib Diallo,17,988,8,7.185524487867951,1,2.64056346565485,32,10,2,0,F S,Strasbourg,7,6.425429338589311,9.328994216397405,2.1316313669085503
8995,Hugo Ekitike,17,875,8,6.2683118879795074,2,0.998221074230969,21,9,1,1,F M S,Reims,7,5.5082167983055115,6.5406529158353806,0.7569676311686635
536,Dimitri Payet,16,1382,7,4.437337253242731,8,7.195347540080547,39,64,1,0,F M S,Marseille,5,2.9171469770371914,11.449370354413986,4.82954053580761
734,Wahbi Khazri,19,1540,7,4.049104947596788,0,2.1958958357572556,40,24,3,0,F M S,Saint-Etienne,4,1.768819510936737,3.489976815879345,0.9849331667646766
3475,Ludovic Blas,19,1662,7,5.5847785491496325,1,2.2760859578847885,47,20,5,0,F M,Nantes,5,4.064588250592351,8.600492497906089,2.6701109893620014
5743,Randal Kolo Muani,20,1692,7,6.7619102988392115,2,1.8256087293848395,28,15,2,0,F M S,Nantes,7,6.7619102988392115,8.90641031600535,1.249697994440794
6420,Romain Faivre,19,1629,7,6.173064548522234,5,3.23715927824378,37,36,1,0,M S,Brest,2,2.372588872909546,6.857021391391754,3.0262032467871904
7365,Lucas Paquetá,18,1292,7,6.664247021079063,3,1.567603413015604,51,20,3,0,F M S,Lyon,6,5.904151879251003,11.232886519283056,4.9462634809315205
10029,Alberth Elis,12,931,7,4.760232802480459,0,1.4509803839027882,19,13,2,0,F M S,Bordeaux,7,4.760232802480459,6.564956557005644,1.0258124182000756
3314,Franck Honorat,20,1734,6,2.9338272009044886,3,4.73746360745281,38,37,3,0,F M,Brest,6,2.9338272009044886,8.912888505496085,2.571819059550762
3549,Adrien Thomasson,17,1279,6,4.9538892433047295,2,2.5816677026450634,30,16,1,1,M S,Strasbourg,6,4.9538892433047295,11.590385340154171,5.263691542670131
7484,Stephy Mavididi,18,1489,6,4.111098945140839,3,2.1988387247547507,37,16,1,0,F M S,Montpellier,6,4.111098945140839,6.936096517369151,1.2345054913312197
7746,Hwang Ui-Jo,15,1189,6,4.568984476849437,2,0.7669785618782043,25,6,0,0,F S,Bordeaux,6,4.568984476849437,5.991117522120476,0.8333774022758007
8025,Kasper Dolberg,16,934,6,5.558222934603691,1,0.2964308997616172,26,6,0,0,F S,Nice,4,4.0380326397717,4.352855861186981,1.1518475580960512
8056,Arnaud Kalimuendo Muinga,17,1018,6,4.363064019009471,0,1.0153224198147655,27,10,1,1,F S,"Lens,Paris Saint Germain",5,3.6029688995331526,5.634746380150318,1.6808112347498536
83,Kevin Volland,18,1293,5,4.236111601814628,5,2.245839010924101,29,14,6,0,F M S,Monaco,4,3.4760164823383093,6.572175739333034,2.1855229418724775
1144,Seko Fofana,20,1784,5,3.76427857298404,0,1.7687819749116898,54,26,1,0,M,Lens,5,3.76427857298404,10.835585936903954,6.158360630273819
1734,Sofiane Boufal,18,1452,5,5.454294006340206,3,4.535357188433409,37,34,4,0,F M S,Angers,3,3.9341037375852466,6.925809850916266,1.848842404782772
3799,Wesley Said,10,358,5,4.007423356175423,0,0.9422226697206497,18,10,2,0,F M S,Lens,5,4.007423356175423,6.088216632604599,1.7371622174978256
5657,Karl Toko Ekambi,17,1240,5,5.373082704842091,2,3.3287201151251793,36,23,2,0,F M S,Lyon,3,3.852892406284809,8.743313029408455,2.847028784453869
6162,Cengiz Ünder,15,1098,5,3.439350726082921,0,1.807241065427661,35,18,0,1,F M S,Marseille,5,3.439350726082921,7.705241117626429,2.979379428550601
6846,Sofiane Diop,19,1315,5,3.6450952775776386,2,1.7235683631151915,24,24,5,0,F M S,Monaco,5,3.6450952775776386,8.05885836854577,3.243948372080922
6863,Téji Savanier,16,1382,5,2.9482439514249563,6,3.0770604107528925,46,32,4,1,M,Montpellier,4,2.188148820772767,6.363536912947893,3.5323760230094194
8637,Burak Yilmaz,17,1318,5,7.925722571089864,3,4.014352772384882,44,16,6,0,F S,Lille,3,6.405532302334905,9.18383364751935,1.2969895377755165
8657,Jeremy Le Douaron,20,980,5,3.412532478570938,2,2.3216708954423666,28,15,0,0,F M S,Brest,5,3.412532478570938,4.206396108493209,0.6823660647496581
1513,Mauro Icardi,16,785,4,5.354972697794437,0,0.4164885003119707,20,7,1,0,F S,Paris Saint Germain,4,5.354972697794437,6.0081677213311195,0.4067389443516731
2442,Kevin Gameiro,17,1013,4,6.031770765781403,1,0.9697287175804377,24,9,0,0,F M S,Strasbourg,3,4.511580511927605,7.560010351240635,2.6641549598425627
3244,Nicolas de Preville,15,1090,4,1.5769667513668537,1,0.7459403946995735,22,8,2,0,F M S,Metz,4,1.5769667513668537,2.5944725777953863,0.45688455551862717
3309,Valère Germain,15,968,4,3.412670824676752,2,1.2055026534944773,16,8,0,0,F S,Montpellier,4,3.412670824676752,4.115740602836013,0.5011962000280619
3490,Thomas Mangani,17,1327,4,2.933388313278556,2,0.856702446937561,10,17,4,0,M S,Angers,1,0.6531029548496008,3.695783842355013,3.43894849345088
3800,Steve Mounie,17,1423,4,8.085040207952261,1,0.7552103418856859,48,12,1,0,F S,Brest,4,8.085040207952261,9.90487352758646,2.851990446448326
5677,Florent Mollet,16,1279,4,2.4321193136274815,2,1.4008948020637035,25,17,4,0,M S,Montpellier,4,2.4321193136274815,4.92228864133358,1.918103389441967
6112,Andrei Girotto,21,1840,4,1.6097534000873566,1,1.183019906282425,29,6,5,0,D M,Nantes,4,1.6097534000873566,2.773012421093881,1.490408143028617
6697,Armand Lauriente,16,1071,4,2.787666816264391,0,1.3691063448786736,30,18,1,0,F S,Lorient,3,2.027571726590395,4.0119574293494225,1.4506791345775127
6883,Xavier Chavalerin,18,1404,4,1.300541264936328,1,1.3172388533130288,16,14,2,0,M S,"Reims,Troyes",4,1.300541264936328,5.947353946045041,4.012808641418815
7142,Moussa Dembele,12,794,4,5.45925363432616,1,1.4625669531524181,25,11,2,0,F S,Lyon,3,4.699158514849842,6.983375875279307,1.1449784245342016
7763,Fabien Centonze,17,1530,4,0.8147915126755834,1,0.626758873462677,15,11,3,0,D M,Metz,4,0.8147915126755834,2.496098294854164,1.3444147016853094
9182,Sepe Elye Wahi,17,691,4,2.410226197913289,0,0.4713747836649418,15,9,1,0,F M S,Montpellier,4,2.410226197913289,2.717321341857314,0.2187068611383438
9345,Ahmadou Bamba Dieng,14,529,4,3.6931001134216785,0,0,21,1,0,1,F M S,Marseille,4,3.6931001134216785,3.40323231741786,0.25447192788124084
9630,Kamaldeen Sulemana,18,1000,4,2.211873969063163,2,2.246172945946455,25,20,3,0,F M S,Rennes,4,2.211873969063163,6.641450257971883,2.5542449932545424
9633,Przemyslaw Frankowski,20,1557,4,2.2097889743745327,4,2.6492960629984736,23,22,1,0,D M S,Lens,4,2.2097889743745327,9.581026330590248,5.85995957814157
9648,Elbasan Rashani,15,904,4,1.598276812583208,2,1.7331224232912064,12,8,1,0,M S,Clermont Foot,4,1.598276812583208,5.174351904541254,3.197190625593066
552,Ander Herrera,15,914,3,0.96977449208498,2,1.0991770774126053,12,15,0,0,M S,Paris Saint Germain,3,0.96977449208498,6.886110162362456,5.6240693517029285
668,Idrissa Gueye,15,1099,3,0.5821028994396329,0,1.5256622694432735,15,12,1,0,M S,Paris Saint Germain,3,0.5821028994396329,8.157916232943535,6.598414987325668
1039,Jason Denayer,14,901,3,1.6229111924767494,0,0,5,0,2,0,D S,Lyon,3,1.6229111924767494,3.827507123351097,3.827507123351097
1258,Gerson,17,1017,3,2.5095180068165064,2,1.501305589452386,12,13,2,0,D F M S,Marseille,3,2.5095180068165064,5.202935514971614,2.2334425821900368
2099,Neymar,10,840,3,3.6688382029533386,3,2.8683767654001713,20,23,2,0,F M,Paris Saint Germain,2,2.9087430834770203,9.963017225265503,5.553030788898468
3297,Marquinhos,15,1350,3,1.7645367607474327,0,0.2585387071594596,10,4,2,0,D,Paris Saint Germain,3,1.7645367607474327,8.977650698274374,7.761695023626089
3348,Florian Sotoca,18,1196,3,5.7695637587457895,4,2.638912276364863,32,15,3,0,F M S,Lens,1,4.24937348999083,8.005542394705117,4.525394594296813
3487,Ismael Traoré,18,1620,3,2.5832992661744356,0,0.1589711206033826,12,3,1,0,D,Angers,3,2.5832992661744356,2.506663733161986,2.4560526059940457
3553,Ángel Di María,13,965,3,3.7195390947163105,3,3.6642055697739124,29,28,2,0,F M S,Paris Saint Germain,3,3.7195390947163105,9.029717091470957,3.588658168911934
3781,Denis Bouanga,17,1108,3,3.4388646446168423,0,0.6911618690937757,41,10,2,1,D F M S,Saint-Etienne,3,3.4388646446168423,3.9866819214075804,0.6673546470701694
5197,Achraf Hakimi,18,1424,3,1.0823418870568275,3,4.19176472723484,11,21,2,1,D S,Paris Saint Germain,3,1.0823418870568275,10.366806793957949,6.9903398007154465
5733,Houssem Aouar,19,1546,3,4.424641277641058,2,3.005425915122032,45,19,0,0,F M S,Lyon,3,4.424641277641058,11.4042424634099,5.022410096600652
5757,Farid Boulaya,11,743,3,0.8217207910493016,1,1.7399762533605099,10,16,0,1,F M S,Metz,3,0.8217207910493016,2.1532586766406894,1.227635134011507
5759,Matteo Guendouzi,19,1520,3,2.5381943322718143,3,1.3792019626125693,25,16,3,0,M S,Marseille,3,2.5381943322718143,10.104968659579754,7.276707522571087
5963,Thomas Monconduit,16,957,3,0.525977123528719,1,0.8881443338468671,18,11,2,0,M S,Lorient,3,0.525977123528719,3.1377246156334877,2.4777539372444153
6019,Angelo Fulgini,18,1505,3,4.1844205148518085,2,1.4252254087477922,34,17,3,0,F M,Angers,3,4.1844205148518085,7.329495660960674,3.514626123011112
6238,Ignatius Ganago,13,593,3,2.248530048877001,0,0.4637878015637398,17,5,2,0,F S,Lens,3,2.248530048877001,3.428847163915634,0.8155780993402004
6884,Remi Oudin,17,997,3,1.884171748533845,3,2.574192937463522,25,12,1,0,D F M S,Bordeaux,3,1.884171748533845,5.151879724115133,1.105041055008769
7012,Gelson Martins,19,1231,3,4.291332647204399,2,1.5043500643223524,18,14,1,0,D F M S,Monaco,3,4.291332647204399,7.354574492201209,2.27976865042001
7747,Mama Baldé,17,1124,3,4.031704118475318,1,1.047008198685944,25,11,0,0,D F M S,Troyes,3,4.031704118475318,6.147516569122672,1.9598725903779268
152,Julian Draxler,10,372,2,1.6206103414297104,2,0.735381593927741,7,5,0,0,F M S,Paris Saint Germain,2,1.6206103414297104,4.551368207670748,2.331736977212131
1022,Pedro Chirivella,19,1679,2,0.49946759548038244,1,0.4459784999489784,13,12,4,0,M,Nantes,2,0.49946759548038244,5.093568935990334,4.636793594807386
2412,Adil Rami,7,583,2,0.569614315405488,0,0.07069530338048935,3,1,0,0,D S,Troyes,2,0.569614315405488,0.5754313506186008,0.5754313506186008
2549,Gaël Kakuta,16,1024,2,2.219048535451293,1,2.253891894593835,26,15,1,0,M S,Lens,2,2.219048535451293,7.136695235967636,3.4621546491980553
2897,Aleksandr Golovin,13,697,2,1.692053597420454,2,1.5478179641067982,13,19,1,1,F M S,Monaco,2,1.692053597420454,4.7169463988393545,2.327605877071619
3223,Benjamin André,18,1565,2,0.7200236525386572,1,0.881664801388979,7,7,5,0,M,Lille,2,0.7200236525386572,6.844044178724289,6.0219963900744915
3477,Jimmy Briand,12,157,2,1.6256462833844125,1,0.7659367620944977,7,9,1,0,F S,Bordeaux,1,0.8655511415563524,1.8928323648869991,0.8619080521166325
3488,Romain Thomas,18,1620,2,1.279894609004259,0,0.07012132089585066,8,2,3,0,D,Angers,2,1.279894609004259,3.998261444270611,3.5923116728663445
4770,Yoann Touzghar,15,1007,2,3.3494142927229404,0,0.5443062856793404,19,14,0,0,F S,Troyes,2,3.3494142927229404,5.045995173975825,1.3348981561139226
4773,Benjamin Bourigeaud,20,1692,2,2.0298268273472786,4,5.171925589442253,23,61,2,0,F M,Rennes,2,2.0298268273472786,10.329559521749616,6.840684978291392
5655,Flavien Tait,16,1350,2,1.743847893550992,3,2.8199652414768934,23,26,1,0,M S,Rennes,2,1.743847893550992,9.74580780416727,6.006848331540823
5676,Opa Nguette,13,567,2,1.590046413242817,2,0.25655276607722044,14,8,0,0,F M S,Metz,2,1.590046413242817,1.775190856307745,0.8031055480241776
5724,Irvin Cardona,19,792,2,1.04125184006989,1,0.7858168380334973,16,8,1,0,F M S,Brest,2,1.04125184006989,2.838705842383206,1.2806928399950266
5980,Stéphane Bahoken,17,532,2,2.2030159439891577,0,0.05272260122001171,10,2,0,0,F S,Angers,2,2.2030159439891577,1.265053754672408,0.07050137966871262
5988,Ibrahima Niane,18,1154,2,3.5936333034187555,1,1.6825289875268936,33,9,1,0,F S,Metz,1,2.833538169041276,4.128441471606493,0.952945769764483
6000,Tristan Dingome,12,588,2,0.8042018059641123,4,1.9880017545074224,13,16,2,0,F M S,Troyes,2,0.8042018059641123,2.429481389001012,0.32446622755378485
6007,Nicolas Cozza,17,1339,2,0.721316097304225,1,0.23226870223879814,3,7,1,0,D S,Montpellier,2,0.721316097304225,2.6414824444800615,2.4961833152920008
6878,Youcef Atal,13,937,2,0.696035991422832,0,0.726360285654664,12,10,4,0,D S,Nice,2,0.696035991422832,3.9824144057929516,2.796453658491373
6935,Naif Aguerd,18,1613,2,1.6443826146423817,1,0.21106278896331787,17,2,1,0,D,Rennes,2,1.6443826146423817,6.435946475714445,6.314993765205145
6963,Justin Kluivert,12,826,2,1.154150515794754,3,2.7216893061995506,12,17,3,0,M S,Nice,2,1.154150515794754,4.164950042963028,1.2151460647583008
7169,Moses Simon,18,1432,2,2.8262089788913727,6,5.544647008180618,25,42,2,0,F M S,Nantes,2,2.8262089788913727,7.830922424793243,2.035378932952881
7265,Kephren Thuram,20,829,2,1.2007995005697012,2,1.8479017056524754,9,14,1,0,M S,Nice,2,1.2007995005697012,5.758414959535003,2.8778043910861015
7570,Moreto Cassamã,14,709,2,0.6463754754513502,0,0.16110811568796635,11,6,1,0,M S,Reims,2,0.6463754754513502,3.2512227408587933,2.591671174392104
7736,Brendan Chardonnet,17,1530,2,0.87750543653965,0,0.2297878935933113,9,6,3,0,D,Brest,2,0.87750543653965,2.518257317133248,2.3941338630393147
8050,Hichem Boudaoui,15,963,2,1.2556193796917796,1,1.440194956958294,10,5,3,0,M S,Nice,2,1.2556193796917796,4.4579506646841764,2.5369444247335196
8328,Azz-Eddine Ounahi,18,932,2,1.5760743003338575,0,0.5740752052515745,17,10,2,0,M S,Angers,2,1.5760743003338575,3.6725101079791784,2.8153084367513657
8330,Jean Onana,11,882,2,0.606408922933042,1,0.848320996388793,9,10,2,1,M,Bordeaux,2,0.606408922933042,5.115023732185364,3.825156729668379
8640,Adrien Truffert,13,739,2,1.2649935595691204,1,0.8855232372879982,11,8,1,0,D S,Rennes,2,1.2649935595691204,4.95476140268147,2.9738377053290606
8646,Wout Faes,19,1710,2,0.4139239378273487,0,0.08489616215229034,8,1,2,0,D,Reims,2,0.4139239378273487,1.8061111606657505,1.7772925831377506
8650,Julien Laporte,18,1546,2,1.0087926192209125,0,0.16953719221055508,7,4,4,0,D,Lorient,2,1.0087926192209125,1.9604593515396118,1.8142140544950962
8685,Mohamed Ali-Cho,18,1187,2,4.120864629745483,0,1.2629904597997665,28,7,2,0,F S,Angers,2,4.120864629745483,7.086293421685696,2.3990803696215153
8691,Saidou Sow,11,837,2,0.6079206801950932,1,0.8501636479049921,3,3,2,0,D S,Saint-Etienne,2,0.6079206801950932,0.791509548202157,0.7369731348007917
8697,Jonathan Clauss,19,1604,2,1.6453431565314531,8,4.775344843044877,14,39,3,0,D M S,Lens,2,1.6453431565314531,10.050091065466404,6.312079597264528
8997,Terem Igobor Moffi,18,1462,2,4.853695681318641,3,2.255836758762598,36,17,0,0,F S,Lorient,1,4.093600561842322,6.802658919245005,0.7343616373836994
771,Georginio Wijnaldum,17,924,1,2.0131057649850845,1,1.3043474592268467,16,5,1,0,F M S,Paris Saint Germain,1,2.0131057649850845,8.876029163599014,5.880190407857299
888,Xherdan Shaqiri,8,576,1,0.6363396253436804,2,1.5912931933999062,9,12,0,0,M,Lyon,1,0.6363396253436804,2.705340087413788,1.3659429959952831
1126,M&#039;Baye Niang,9,135,1,1.2014108076691628,0,0.7111988365650177,13,2,2,0,S,Bordeaux,1,1.2014108076691628,1.5421199202537537,0.05265978164970875
1245,Emerson,16,1318,1,0.4965132661163807,1,2.2839176524430513,10,18,2,1,D S,Lyon,1,0.4965132661163807,7.581714157015085,7.176285330206156
1299,Mario Lemina,18,1274,1,1.0051012197509408,0,0.2197671141475439,6,3,3,0,M S,Nice,1,1.0051012197509408,5.236202377825975,4.940043825656176
1461,Pol Lirola,16,923,1,0.6982666198164225,1,2.336890161037445,7,13,0,0,D M S,Marseille,1,0.6982666198164225,4.551480542868376,1.795727301388979
1583,Arkadiusz Milik,10,612,1,2.964686131104827,0,0.6588114276528358,22,8,0,0,F S,Marseille,1,2.964686131104827,3.547314342111349,0.8646696489304304
1682,Islam Slimani,12,578,1,2.177321973256767,1,0.8782387785613537,12,6,3,0,F S,Lyon,1,2.177321973256767,4.930137338116765,2.178905673325062
1932,Sanjin Prcic,15,989,1,0.3953702561557293,0,0.4143378287553787,15,7,1,0,M S,Strasbourg,1,0.3953702561557293,6.322158207185566,5.987012127414346
2063,Timothée Kolodziejczak,16,1367,1,1.3799224346876144,2,0.46883387165144086,9,10,2,1,D,Saint-Etienne,1,1.3799224346876144,2.387115102726966,1.9705775389447808
2097,Lionel Messi,11,869,1,4.620387986302376,4,3.4615752324461937,43,24,0,0,F M S,Paris Saint Germain,1,4.620387986302376,9.98707789182663,4.3963952995836735
2199,Pablo Sarabia,2,19,1,0.7712407112121582,0,0,1,0,1,0,S,Paris Saint Germain,1,0.7712407112121582,0.7712407112121582,0
2674,Thilo Kehrer,13,885,1,0.09134520404040813,0,0,3,0,0,0,D S,Paris Saint Germain,1,0.09134520404040813,3.2564677223563194,3.240482233464718
3239,Hamari Traore,17,1483,1,1.1832399824634194,4,2.7115091029554605,17,19,2,0,D,Rennes,1,1.1832399824634194,8.243801340460777,7.403659805655479
3304,Maxime Le Marchand,8,647,1,0.4374709203839302,0,0.046707894653081894,3,1,4,0,D S,Strasbourg,1,0.4374709203839302,2.660791963338852,2.5431267619132996
3346,Jonas Martin,12,1007,1,0.4953706907108426,0,0.24244025349617004,12,5,4,0,M,Rennes,1,0.4953706907108426,5.632461505010724,5.1208572164177895
3464,Vincent Le Goff,16,1440,1,0.6211823439225554,0,1.2596493121236563,13,12,1,0,D M,Lorient,1,0.6211823439225554,3.6062428317964077,2.4209363628178835
3626,Mexer,14,1050,1,0.22522209957242012,0,0,5,0,1,0,D S,Bordeaux,1,0.22522209957242012,3.1657613404095173,3.1657613404095173
3738,Sehrou Guirassy,20,526,1,2.5247275698930025,0,0.16750463843345642,19,3,0,0,F S,Rennes,1,2.5247275698930025,3.0716355200856924,0.7078538183122873
4768,Wylan Cyprien,12,685,1,0.3340312410145998,1,1.3173454673960805,8,15,0,0,M S,Nantes,1,0.3340312410145998,1.2719425167888403,0.569870239123702
4811,Jean Eudes Aholou,12,432,1,0.6291773729026318,0,0.12039928883314133,5,1,0,0,M S,Strasbourg,1,0.6291773729026318,1.097499968484044,0.9293832313269377
5228,Renato Sanches,11,698,1,0.22070451080799103,1,1.05454077757895,7,14,3,0,F M S,Lille,1,0.22070451080799103,4.60722235403955,4.006194301880896
5624,Yunis Abdelhamid,19,1710,1,1.2005963707342744,0,0.23873678967356682,14,6,4,0,D,Reims,1,1.2005963707342744,2.8738046241924167,2.6111243991181254
5661,Jonathan Ikone,18,1091,1,2.5582038033753633,0,2.2595845432952046,22,16,1,0,F M S,Lille,1,2.5582038033753633,7.630584329366684,3.809698099270463
5684,Arnaud Nordin,18,889,1,1.4304730677977204,3,1.9425965826958418,18,18,2,0,F M S,Saint-Etienne,1,1.4304730677977204,4.138457713648677,2.114248648285866
5686,Digbo Maiga,14,1102,1,0.46784249134361744,0,0.6028326880186796,8,11,5,0,D M,Metz,1,0.46784249134361744,1.5068531092256308,0.8374014990404248
5704,Xeka,13,936,1,0.8243782930076122,0,1.0838891584426165,12,9,6,0,M S,Lille,1,0.8243782930076122,3.395644012838602,2.292829407379031
5717,Amine Harit,9,480,1,0.46838150173425674,1,0.9227478578686714,7,13,1,0,D F M S,Marseille,1,0.46838150173425674,2.3165261894464493,1.3526281341910362
5745,Matthieu Udol,12,1008,1,0.6596513483673334,0,0.1528173666447401,5,5,0,0,D S,Metz,1,0.6596513483673334,2.360847471281886,1.7100130897015333
5753,Mickael Nade,12,978,1,1.4517412185668945,0,0.08038273360580206,5,3,2,0,D S,Saint-Etienne,1,1.4517412185668945,1.7525392025709152,1.6562584582716227
5789,Boubacar Kamara,16,1197,1,0.4300893833860755,0,1.4354017470031977,12,13,4,0,M S,Marseille,1,0.4300893833860755,5.740158023312688,5.187823221087456
5947,Mihailo Ristic,18,990,1,0.22146794572472572,1,0.7594277709722519,10,7,2,0,D S,Montpellier,1,0.22146794572472572,2.2516774088144302,1.4661169964820147
5958,Oualid El Hajjam,15,894,1,0.42970527708530426,1,0.8654111847281456,10,5,2,0,D S,Troyes,1,0.42970527708530426,2.308844843879342,2.0841122921556234
5978,Dmitri Lienard,18,983,1,0.742447379976511,2,1.4564338624477386,9,16,2,0,D M S,Strasbourg,1,0.742447379976511,5.388170409947634,4.29479993134737
6011,Thiago Mendes,14,621,1,0.24834747333079576,0,0.4111592546105385,7,5,1,0,M S,Lyon,1,0.24834747333079576,2.9832145646214485,2.520997494459152
6014,Rominigue Kouame,19,1696,1,1.0070271901786327,1,0.9244894878938794,18,14,2,0,M,Troyes,1,1.0070271901786327,5.506847448647022,4.145463891327381
6232,Kalifa Coulibaly,10,333,1,0.7973102033138275,0,0.49195600487291813,5,5,1,0,F S,Nantes,1,0.7973102033138275,1.7201453726738691,0.5777969304472208
6239,Junior Sambia,17,1059,1,1.279140068218112,0,0.4201208148151636,13,8,2,1,D M S,Montpellier,1,1.279140068218112,2.373066888190806,0.8624747609719634
6560,Aurelien Tchouameni,19,1551,1,1.3568776547908783,0,1.2955115772783756,33,5,4,0,M S,Monaco,1,1.3568776547908783,5.405490970239043,4.737328993156552
6762,Yacine Adli,20,1329,1,0.7719651777297258,6,3.3247900288552046,16,40,2,0,F M S,Bordeaux,1,0.7719651777297258,8.21355165541172,5.265678528696299
6816,Jean-Clair Todibo,21,1777,1,2.4389976412057877,0,0.5582253690809011,12,12,4,0,D S,Nice,1,2.4389976412057877,5.987966667860746,5.620995471253991
6864,Renaud Ripart,17,1229,1,1.947761575691402,1,2.1525608096271753,27,13,0,0,D F M S,Troyes,1,1.947761575691402,5.170467609539628,2.702937738969922
6882,Ghislain Konan,17,1488,1,0.3653181763365865,2,2.713489655405283,14,18,1,0,D M,Reims,1,0.3653181763365865,4.6468989588320255,3.0946169067174196
6885,Axel Disasi,16,1297,1,1.2108996473252773,0,0.15182151645421982,7,2,2,0,D S,Monaco,1,1.2108996473252773,3.881469126790762,3.7644567750394344
6904,Ibrahima Sissoko,16,1202,1,0.9768050014972687,4,3.396583618596196,12,15,3,0,D M S,Strasbourg,1,0.9768050014972687,7.5339257419109344,4.673395484685898
6947,Samuel Kalu,11,316,1,1.1602452173829079,1,0.5048534274101257,13,2,1,0,F M S,Bordeaux,1,1.1602452173829079,1.2535262703895569,0.1481958795338869
7007,Duje Caleta-Car,9,767,1,0.8698430135846138,0,0,6,0,2,0,D,Marseille,1,0.8698430135846138,1.6510535143315792,1.6510535143315792
7151,Thomas Foket,15,1222,1,0.2634228989481926,0,1.1579125206917524,3,10,2,0,D M S,Reims,1,0.2634228989481926,2.472044013440609,1.528044257313013
7719,Nathanael Mbuku,17,810,1,1.1536242458969355,0,0.7027354352176189,15,7,0,0,F M S,Reims,1,1.1536242458969355,2.341735001653433,1.045767905190587
7730,Jean-Charles Castelletto,16,1438,1,0.8954299166798592,0,0.11593730375170708,10,4,5,0,D,Nantes,1,0.8954299166798592,1.575278751552105,1.513201929628849
7743,Pereira Lage,11,150,1,0.3183164857327938,1,0.7443899251520634,5,3,0,0,D S,Angers,1,0.3183164857327938,1.0653261244297028,0.9776337146759033
7751,Miguel Trauco,10,749,1,0.2684096833691001,0,0.07953881751745939,8,4,2,0,D M S,Saint-Etienne,1,0.2684096833691001,1.9795842599123716,1.731295139528811
7754,Tiago Djaló,14,1196,1,1.1713834032416344,1,0.35899901390075684,7,3,3,0,D S,Lille,1,1.1713834032416344,4.402046001516283,3.993028230033815
7756,Yusuf Yazici,15,498,1,0.9630159074440598,1,1.6620007958263159,10,11,3,0,F M S,Lille,1,0.9630159074440598,1.3300099223852158,0.30104391649365425
7762,Jean-Ricner Bellegarde,18,1204,1,0.5992257129400969,2,1.546784314326942,12,10,2,0,M S,Strasbourg,1,0.5992257129400969,5.084681045264006,3.9783236980438232
7908,Marshall Munetsi,10,766,1,0.9873463353142142,0,0.01605326309800148,13,1,3,0,M S,Reims,1,0.9873463353142142,2.014604926109314,1.0592250982299447
8006,Evann Guessand,8,133,1,0.8339362516999245,1,0.5156797170639038,3,1,2,0,F S,Nice,1,0.8339362516999245,1.2949585616588593,0
8119,Boubacar Traore,14,601,1,0.1814595265313983,0,0.11004356481134892,8,3,2,0,M S,Metz,1,0.1814595265313983,0.7968533830717206,0.5367130842059851
8190,Melvin Bard,17,1424,1,0.6146402573212981,1,1.0734001770615578,3,7,2,0,D S,Nice,1,0.6146402573212981,6.13340038433671,4.523189801722765
8244,Dylan Bronn,17,1530,1,1.470312813296914,1,0.7281875237822533,11,3,6,1,D,Metz,1,1.470312813296914,1.975820804014802,1.8540479559451342
8294,El Bilal Touré,14,824,1,3.902731318026781,2,1.0724928677082062,24,9,2,0,F M S,Reims,0,3.1426361985504627,3.8427816666662693,0.6481843255460262
8635,Sven Botman,12,1080,1,1.186781633645296,1,0.06403263285756111,5,3,1,0,D,Lille,1,1.186781633645296,2.8955397829413414,2.8315071519464254
8653,Adrian Grbic,16,501,1,1.3186312932521105,0,0.511508472263813,12,4,0,0,F S,Lorient,1,1.3186312932521105,1.5817312858998775,0.015544840134680271
8664,Facundo Medina,17,1365,1,1.6581595912575722,0,0.08053596317768097,6,2,7,0,D S,Lens,1,1.6581595912575722,6.885792026296258,6.13412069901824
8669,Simon Banza,4,117,1,1.0720713641494513,1,0.46382355503737926,6,2,0,0,F S,Lens,1,1.0720713641494513,1.5358949210494757,0
8687,Kiki Kouyate,15,1318,1,0.9397448459640145,0,0.05564745143055916,9,2,3,1,D,Metz,1,0.9397448459640145,1.5715284366160631,1.469086630269885
8690,Jean-Phillipe Krasso,15,415,1,1.7855320945382118,1,0.5344485193490982,11,5,0,0,F S,Saint-Etienne,1,1.7855320945382118,1.9903753884136677,0.25498474575579166
8701,Timothee Pembele,19,988,1,1.3456027191132307,1,2.3478570729494095,16,11,2,0,D M S,Bordeaux,1,1.3456027191132307,4.5863079354166985,1.8336319997906685
8759,David Pereira Da Costa,15,554,1,0.8932377528399229,1,1.0231586173176765,9,10,1,0,F M S,Lens,1,0.8932377528399229,2.6658652191981673,0.9234521677717566
8970,Sékou Mara,13,417,1,1.6447731871157885,0,0.016124902293086052,18,1,1,0,F S,Bordeaux,1,1.6447731871157885,1.503911778330803,0.07092958688735962
8981,Jéremy Doku,7,230,1,0.8809016197919846,0,0.1495123878121376,3,2,1,0,F M S,Rennes,1,0.8809016197919846,1.1948703303933144,0.29302531480789185
9021,Pape Sarr,18,1254,1,0.8936792593449354,1,0.7438195757567883,18,12,5,0,F M S,Metz,1,0.8936792593449354,2.62031652033329,1.6683213412761688
9060,Danilo Pereira,12,835,1,0.814145983196795,0,0.08246619254350662,5,2,2,0,M S,Paris Saint Germain,1,0.814145983196795,4.519429922103882,4.336967766284943
9279,Krépin Diatta,8,287,1,0.10873904637992382,0,0.16562728583812714,3,3,0,0,D M S,Monaco,1,0.10873904637992382,0.5724440291523933,0.2980777155607939
9298,Alexis Flips,14,653,1,1.4008071226999164,3,2.5628727190196514,11,16,2,0,D F M S,Reims,0,0.640711959451437,3.2007685508579016,1.143770944327116
9451,Chimuanya Ugochukwu,11,342,1,0.26285153441131115,0,0.13540400937199593,4,3,1,0,M S,Rennes,1,0.26285153441131115,1.5473159216344357,1.263348812237382
9511,Castello Lukeba,6,498,1,0.3431367874145508,0,0.16883892938494682,1,3,1,0,D,Lyon,1,0.3431367874145508,1.8698447197675705,1.8698447197675705
9612,Myron Boadu,19,667,1,2.341498266905546,1,0.7082735635340214,12,4,0,0,F S,Monaco,1,2.341498266905546,4.448249793611467,1.4114264538511634
9640,Florent Ogier,18,1529,1,0.7787337768822908,0,0.2951759286224842,6,2,3,0,D,Clermont Foot,1,0.7787337768822908,4.404220154508948,4.404220154508948
9641,Vital N&#039;Simba,19,1503,1,0.37754726223647594,2,1.577377169393003,16,14,1,0,D S,Clermont Foot,1,0.37754726223647594,4.998928127810359,3.6925815753638744
9643,Jodel Dossou,19,1243,1,3.3186026541516185,1,1.6834307741373777,37,15,1,0,M S,Clermont Foot,1,3.3186026541516185,5.660047080367804,0.8233001921325922
9644,Jason Berthomier,17,1174,1,1.3796893320977688,3,2.532559249550104,16,34,0,0,M S,Clermont Foot,1,1.3796893320977688,6.3432169537991285,4.232316328212619
9656,Ilan Kebbal,18,1156,1,0.8747615134343505,4,2.014169804751873,17,24,1,0,F M S,Reims,1,0.8747615134343505,4.56574347242713,2.337821152061224
9659,Bradley Locko,8,263,1,0.030647533014416695,0,0.26031506061553955,1,4,2,0,D S,Reims,1,0.030647533014416695,1.1118238382041454,0.8208612203598022
9806,Ricardo Mangas,17,1474,1,0.6890663560479879,1,0.2148147765547037,10,9,2,0,D,Bordeaux,1,0.6890663560479879,3.831962214782834,3.3047457728534937
9919,Calvin Stengs,14,727,1,2.9879537355154753,0,1.1868832670152187,15,14,1,0,M S,Nice,1,2.9879537355154753,6.388470796868205,2.531024405732751
9931,Lovro Majer,12,644,1,2.171670915558934,4,3.66765309125185,19,20,1,0,M S,Rennes,1,2.171670915558934,9.255553307011724,4.538147645071149
9943,Moritz Jenz,9,780,1,1.176982145756483,0,0.06547508388757706,6,2,1,1,D,Lorient,1,1.176982145756483,1.0166868288069963,1.0166868288069963
9979,N&#039;Dri Koffi,9,289,1,0.9517178237438202,0,0.15429621376097202,7,3,1,0,F S,Reims,1,0.9517178237438202,1.5377944558858871,0.5790145769715309
9980,Stian Rode Gregersen,14,1177,1,1.5399446189403534,0,0,6,0,4,0,D S,Bordeaux,1,1.5399446189403534,2.4575524609535933,2.4575524609535933
9984,Gerson Rodrigues,9,582,1,1.1990267783403397,0,0.3264823369681835,13,6,5,0,F M S,Troyes,1,1.1990267783403397,1.9515630528330803,0.43591837026178837
10132,Yohann Magnin,5,372,1,0.6362398266792297,0,0,4,0,1,0,D M S,Clermont Foot,1,0.6362398266792297,0.9575156290084124,0.32127576507627964
93,Marcelo,2,180,0,0.06761379539966583,0,0,2,0,1,0,D,Lyon,0,0.06761379539966583,0.6549514979124069,0.6549514979124069
148,Dante,20,1751,0,0.4066524589434266,0,0.39602015540003777,10,3,4,0,D S,Nice,0,0.4066524589434266,5.962707102298737,5.9226925782859325
220,Jérôme Boateng,14,1091,0,0.07245983183383942,1,1.0598477199673653,2,6,4,0,D S,Lyon,0,0.07245983183383942,3.6096168542280793,3.474382438696921
414,Juan Bernat,7,471,0,0,0,0.8421419858932495,0,2,1,0,D S,Paris Saint Germain,0,0,3.6208046600222588,3.203151933848858
485,Mamadou Sakho,15,1342,0,0,0,0.025835448876023293,0,1,2,0,D,Montpellier,0,0,1.7949885074049234,1.7691530603915453
494,Laurent Koscielny,11,938,0,0,1,0.1573636718094349,0,2,2,0,D,Bordeaux,0,0,1.8519553635269403,1.6945916898548603
551,Morgan Schneiderlin,8,177,0,0.14311303198337555,1,0.11117592453956604,2,2,0,1,M S,Nice,0,0.14311303198337555,0.4284505508840084,0.19489715993404388
686,Cesc Fàbregas,2,31,0,0,0,0.07736572623252869,0,2,0,0,S,Monaco,0,0,0.028601793572306633,0
834,José Fonte,19,1710,0,0.4373034704476595,2,0.42336855083703995,8,4,1,0,D,Lille,0,0.4373034704476595,5.836309200152755,5.748890975490212
925,Patrick Roberts,1,11,0,0.09515430778265,0,0,1,0,0,0,S,Troyes,0,0.09515430778265,0.09515430778265,0
943,Massadio Haidara,10,366,0,0.16232797503471375,0,0,2,0,3,0,D S,Lens,0,0.16232797503471375,1.5092801824212074,1.4751633629202843
961,Jordan Amavi,3,207,0,0,0,0.027161482721567154,0,1,1,0,D,"Marseille,Nice",0,0,0.23385751619935036,0.2066960223019123
1116,Gianluigi Donnarumma,8,720,0,0,0,0,0,0,1,0,GK,Paris Saint Germain,0,0,1.9505523834377527,1.9505523834377527
1248,Leandro Paredes,8,365,0,0.029756130650639534,1,0.12794076837599277,2,2,1,0,M S,Paris Saint Germain,0,0.029756130650639534,3.4706622511148453,3.3129653334617615
1326,Assane Diousse,2,9,0,0,0,0,0,0,0,0,S,Saint-Etienne,0,0,0,0
1455,Alfred Gomis,18,1620,0,0,0,0,0,0,0,0,GK,Rennes,0,0,1.9538672119379044,1.9538672119379044
1670,Steve Mandanda,4,360,0,0,0,0.054429471492767334,0,1,0,0,GK,Marseille,0,0,0.34110796451568604,0.2866784930229187
1752,Fabio,15,1054,0,0.41697044111788273,0,0.4329758360981941,7,6,4,1,D S,Nantes,0,0.41697044111788273,3.3025849871337414,2.6002194955945015
1920,Gabriel Silva,4,224,0,0.06569244712591171,0,0.03390619903802872,1,2,0,0,D S,Saint-Etienne,0,0.06569244712591171,0.1137667614966631,0.07986056432127953
2072,Sergio Rico,1,20,0,0,0,0,0,0,0,0,S,Paris Saint Germain,0,0,0,0
2100,Rafinha,5,220,0,0.325289037078619,0,0.0645827203989029,5,2,0,0,F M S,Paris Saint Germain,0,0.325289037078619,0.940768375992775,0.643610704690218
2107,Pau López,15,1350,0,0,0,0,0,0,2,0,GK,Marseille,0,0,3.410802034661174,3.410802034661174
2242,Rubén Pardo,1,2,0,0,0,0,0,0,0,0,S,Bordeaux,0,0,0,0
2243,Keylor Navas,12,1057,0,0,0,0,0,0,0,1,GK,Paris Saint Germain,0,0,3.39269545301795,3.39269545301795
2246,Sergio Ramos,2,130,0,0,0,0,0,0,0,1,D S,Paris Saint Germain,0,0,2.0315994322299957,2.0315994322299957
2430,Álvaro González,6,451,0,0.10263249650597572,0,0,2,0,1,0,D S,Marseille,0,0.10263249650597572,1.4126906991004944,1.4126906991004944
2639,Alexander Nübel,20,1800,0,0,0,0,0,0,0,0,GK,Monaco,0,0,2.0407658629119396,2.0407658629119396
3201,Alban Lafont,21,1890,0,0,0,0,0,0,1,0,GK,Nantes,0,0,0.9928251374512911,0.9928251374512911
3218,Benoit Costil,20,1800,0,0,0,0,0,0,1,0,GK,Bordeaux,0,0,2.1958552338182926,2.1958552338182926
3251,Paul Bernardoni,13,1170,0,0,0,0,0,0,0,0,GK,Angers,0,0,0.5385320549830794,0.5385320549830794
3253,Frederic Guilbert,15,1234,0,0.3643971271812916,3,2.312839617021382,13,21,1,0,D S,Strasbourg,0,0.3643971271812916,6.743049761280417,6.300973314791918
3269,Anthony Lopes,18,1607,0,0,0,0,0,0,1,1,GK,Lyon,0,0,2.94001554697752,2.94001554697752
3271,Jérémy Morel,4,312,0,0.05111460015177727,0,0.06755023449659348,1,1,0,0,D S,Lorient,0,0.05111460015177727,1.0894820727407932,1.0383674539625645
3275,Jordan Ferri,17,1487,0,0.12669324036687613,1,2.152391020208597,6,16,5,1,M,Montpellier,0,0.12669324036687613,4.58783863671124,3.0857254434376955
3278,Maxwel Cornet,1,67,0,0,0,0.0368853434920311,0,1,0,1,D,Lyon,0,0,0.7802301645278931,0.743344783782959
3299,Jean-Kevin Augustin,1,10,0,0.059881072491407394,0,0,1,0,0,0,S,Nantes,0,0.059881072491407394,0.059881072491407394,0
3318,Jean-Louis Leca,19,1667,0,0,0,0,0,0,3,0,GK,Lens,0,0,2.199024297297001,2.199024297297001
3322,Alexander Djiku,16,1402,0,1.5479145236313343,0,0.23390985652804375,6,5,5,1,D,Strasbourg,0,1.5479145236313343,4.87257300503552,4.653032625094056
3325,Yannick Cahuzac,14,588,0,0.05453035235404968,0,0,1,0,0,0,M S,Lens,0,0.05453035235404968,0.48221571184694767,0.48221571184694767
3343,Ryad Boudebouz,14,981,0,0.41045980900526047,1,1.5220054611563683,13,24,1,0,F M S,Saint-Etienne,0,0.41045980900526047,1.6660754922777414,0.9466263465583324
3344,Casimir Ninga,6,46,0,0.05913448706269264,0,0,1,0,0,0,S,Angers,0,0.05913448706269264,0.05913448706269264,0
3354,Sébastien Corchia,15,708,0,0.38637356273829937,3,0.24476465955376625,9,5,0,1,D S,Nantes,0,0.38637356273829937,1.4656641241163015,1.239102492108941
3357,Djibril Sidibe,12,734,0,0.11640920676290989,0,0.8114423137158155,3,5,4,0,D S,Monaco,0,0.11640920676290989,2.9331266209483147,2.8727238662540913
3367,Youssouf Kone,12,545,0,0.13340068608522415,0,0.1865084543824196,5,5,2,0,D S,Troyes,0,0.13340068608522415,1.0601945109665394,0.9129164591431618
3412,Léo Dubois,13,1009,0,0.06807007640600204,0,0.7449397072196007,3,10,2,0,D S,Lyon,0,0.06807007640600204,3.3654855713248253,3.098215624690056
3430,Paul Nardi,19,1710,0,0,0,0,0,0,1,0,GK,Lorient,0,0,1.1848841290920973,1.1848841290920973
3440,Karim Azamoum,7,379,0,0.10484771244227886,0,0,3,0,2,0,D S,Troyes,0,0.10484771244227886,0.5830933330580592,0.5830933330580592
3445,Corentin Jean,12,178,0,0.6863196063786745,0,0.3221797049045563,5,1,2,0,F S,Lens,0,0.6863196063786745,1.891652673482895,0.9976181387901306
3456,Jimmy Cabot,18,1607,0,0.2359190583229065,5,2.3834432531148195,10,16,2,0,D M,Angers,0,0.2359190583229065,3.6840640418231487,2.5028983876109123
3461,Majeed Waris,10,179,0,0.43071040511131287,0,0.609854631125927,5,3,1,0,M S,Strasbourg,0,0.43071040511131287,1.359746865928173,0.33785127848386765
3463,Romain Philippoteaux,1,21,0,0,0,0,0,0,0,0,S,Brest,0,0,0,0
3479,Marcus Coco,15,473,0,0.36144934594631195,0,0.8604672774672508,8,5,1,0,F M S,Nantes,0,0.36144934594631195,1.9876629263162613,0.7791201304644346
3486,Vincent Manceau,17,1530,0,0.02942729089409113,0,0.3960209805518389,2,2,0,0,D,Angers,0,0.02942729089409113,2.352207437157631,1.956186480820179
3495,Pierrick Capelle,15,619,0,0.16736498847603798,1,1.6537152286618948,6,8,1,0,M S,Angers,0,0.16736498847603798,1.9635963328182697,1.4744152054190636
3507,Vincent Pajot,17,1239,0,0.13918065279722214,0,0.0530552314594388,3,4,3,0,M S,Metz,0,0.13918065279722214,1.818696572445333,1.7505307411774993
3509,Fabien Lemoine,10,824,0,0.012547506019473076,1,0.9350268794223666,1,6,3,0,M,Lorient,0,0.012547506019473076,2.0157301649451256,1.911404937505722
3517,Ronael Pierre Gabriel,19,1670,0,0.43998386338353157,1,2.0714459344744682,4,13,5,0,D,Brest,0,0.43998386338353157,4.472074542194605,2.258585497736931
3521,Dennis Appiah,16,956,0,0,0,0.22040047124028206,0,3,1,0,D S,Nantes,0,0,1.6405699402093887,1.4371724128723145
3539,Jean-Armel Kana-Biyik,1,90,0,0,0,0,0,0,0,0,D,Metz,0,0,0.1900639533996582,0.1900639533996582
3542,Damien Da Silva,8,469,0,0.07237554341554642,0,0.05246325209736824,3,1,2,1,D S,Lyon,0,0.07237554341554642,1.07981389015913,1.07981389015913
3552,Marco Verratti,10,738,0,0.052583206444978714,0,0.5658869054168463,1,10,7,0,M S,Paris Saint Germain,0,0.052583206444978714,5.042942080646753,4.810608301311731
3561,Romain Hamouma,14,650,0,1.351837519556284,0,0.4575480706989765,16,8,2,0,F M S,Saint-Etienne,0,1.351837519556284,2.512836169451475,0.8789604026824236
3581,Jemerson,9,681,0,0.07906649634242058,0,0.6143329776823521,2,2,2,1,D,Metz,0,0.07906649634242058,0.5082970783114433,0.5082970783114433
3591,Dimitry Bertaud,5,450,0,0,0,0,0,0,0,0,GK,Montpellier,0,0,0.26729773730039597,0.26729773730039597
3599,Presnel Kimpembe,16,1343,0,0.5344667099416256,0,0.02336142025887966,3,1,2,0,D S,Paris Saint Germain,0,0.5344667099416256,8.482526190578938,8.482526190578938
3652,Enock Kwateng,17,1441,0,0.16277874819934368,0,0.6046137530356646,5,9,4,0,D S,Bordeaux,0,0.16277874819934368,3.579890538007021,3.293787557631731
3655,Charles Traore,12,577,0,0,0,0,0,0,2,0,D S,Nantes,0,0,1.3253064434975386,1.3253064434975386
3657,Kevin N&#039;Doram,9,671,0,0.7463917601853609,0,0.11919565126299858,3,6,3,0,D M,Metz,0,0.7463917601853609,2.1044563353061676,2.0110297109931707
3670,Nicolas Pallois,18,1466,0,0.1766730733215809,0,0,4,0,3,1,D S,Nantes,0,0.1766730733215809,3.173648811876774,3.173648811876774
3673,Valentin Rongier,14,1041,0,1.8413540916517377,1,0.7648576982319355,15,6,2,0,D M S,Marseille,0,1.8413540916517377,7.020767629146576,4.5793062672019005
3721,Romain Del Castillo,10,277,0,0.9732741191983223,0,0.5010514631867409,5,4,0,0,F M S,"Brest,Rennes",0,0.9732741191983223,1.5129269752651453,0.4284180458635092
3729,Hassane Kamara,11,547,0,0.99575075507164,0,1.279263436794281,12,3,2,0,D M S,Nice,0,0.99575075507164,3.7627193853259087,1.6316079832613468
3741,Paul Lasne,3,148,0,0.1294049620628357,0,0.05926939845085144,3,3,0,0,M S,Brest,0,0.1294049620628357,0.36308708041906357,0.19608435407280922
3749,Jonathan Bamba,13,1032,0,0.9749597338959575,1,1.3430480174720287,15,14,1,0,M S,Lille,0,0.9749597338959575,3.979575876146555,2.3057453827932477
3786,Mathieu Cafaro,4,198,0,0.25700502563267946,0,0.06440498679876328,6,1,2,0,F M S,Reims,0,0.25700502563267946,0.3844530116766691,0.18161510350182652
3962,Anastasios Donis,9,250,0,0.9315768666565418,0,0.2613324001431465,9,4,0,0,F M S,Reims,0,0.9315768666565418,0.5231935866177082,0.02184760943055153
4803,Marc-Aurele Caillard,4,271,0,0,0,0,0,0,0,0,GK S,Metz,0,0,0.27656662464141846,0.27656662464141846
4804,Abdou Diallo,9,769,0,0.044423945248126984,1,0.6714838296175003,1,4,1,0,D,Paris Saint Germain,0,0.044423945248126984,4.014721464365721,3.7814711295068264
4849,Sada Thioub,1,1,0,0,0,0,0,0,0,0,S,Angers,0,0,0,0
4865,Roli Pereira De Sa,10,395,0,0.46459467709064484,0,0.400946082547307,5,6,0,0,M S,Nantes,0,0.46459467709064484,1.6210867613554,1.0773879513144493
4882,Laurent Abergel,18,1589,0,1.3063405863940716,1,1.6851827902719378,16,17,6,0,M,Lorient,0,1.3063405863940716,4.703297255560756,2.4412134615704417
4886,Cédric Hountondji,13,1137,0,0.3874553516507149,0,0.02303127385675907,6,1,0,0,D,Clermont Foot,0,0.3874553516507149,2.4654703363776207,2.4654703363776207
4896,Andrew Gravillon,18,1608,0,0.3692825511097908,0,0.5748956403695047,7,8,5,2,D,Reims,0,0.3692825511097908,2.098219122737646,1.5393045414239168
5177,Caio Henrique,18,1258,0,0.3178411042317748,4,3.742757845669985,7,15,1,0,D M S,Monaco,0,0.3178411042317748,6.189831120893359,4.965928332880139
5261,Kevin Danso,17,1404,0,0.8293804824352264,0,0.0535231065005064,5,2,3,1,D S,Lens,0,0.8293804824352264,6.473745187744498,6.420222004875541
5598,Angel Gomes,11,448,0,0.13481194525957108,0,0.5483713392168283,3,5,1,0,M S,Lille,0,0.13481194525957108,2.3110791128128767,1.7887634821236134
5647,Arnaud Souquet,16,823,0,0.142739019356668,1,0.20263892598450184,5,5,0,0,D S,Montpellier,0,0.142739019356668,1.5245930813252926,1.4010508675128222
5652,Walter Benítez,21,1890,0,0,0,0,0,0,2,0,GK,Nice,0,0,1.3119108378887177,1.3119108378887177
5654,Baptiste Santamaria,16,904,0,0.5838476810604334,1,0.4640977308154106,12,12,4,0,M S,Rennes,0,0.5838476810604334,4.107758237048984,3.557047564536333
5678,Eiji Kawashima,1,90,0,0,0,0,0,0,0,0,GK,Strasbourg,0,0,0.08370306342840195,0.08370306342840195
5702,Jordan Tell,12,122,0,0.1847689338028431,1,0.8116701245307922,4,4,1,0,S,Clermont Foot,0,0.1847689338028431,1.3385576354339719,0.3649571714922786
5736,Myziane Maolida,1,29,0,0.04038482531905174,0,0,1,0,0,0,S,Nice,0,0.04038482531905174,0.09670563787221909,0.05632081255316734
5737,Saif-Eddine Khaoui,10,289,0,0.27831606566905975,0,0.1430018823593855,5,3,1,0,M S,Clermont Foot,0,0.27831606566905975,0.3761753048747778,0.3203857857733965
5738,Amine Bassi,4,103,0,0.057699485681951046,0,0.42045030649751425,2,5,0,0,M S,Metz,0,0.057699485681951046,0.15669605415314436,0.11219360120594501
5742,Hugo Magnetti,13,684,0,0.22550915461033583,0,0.11838741227984428,7,3,3,0,M S,Brest,0,0.22550915461033583,1.1494359150528908,1.0294538605958223
5752,Alexis Claude Maurice,7,133,0,0.3382002329453826,2,0.8823237288743258,6,5,1,0,S,Nice,0,0.3382002329453826,1.2748076636344194,0.5088948532938957
5762,Pierre-Yves Hamel,14,376,0,1.5026605632156134,0,0.1771530546247959,11,4,3,0,F S,"Clermont Foot,Lorient",0,1.5026605632156134,1.7734891986474395,0.1431045150384307
5766,Romain Salin,1,90,0,0,0,0,0,0,0,0,GK,Rennes,0,0,0.10974142700433731,0.10974142700433731
5773,Zaydou Youssef,15,843,0,0.20666730124503374,0,0.34136142767965794,14,6,2,1,M S,Saint-Etienne,0,0.20666730124503374,2.304041838273406,1.8347939904779196
5778,Johan Gastien,16,1327,0,0.3801661292091012,1,0.9779523871839046,11,13,4,2,M,Clermont Foot,0,0.3801661292091012,6.424805728718638,5.953872246667743
5976,Yoann Salmier,16,1434,0,0.13704328890889883,0,0.2239265814423561,4,3,3,0,D,Troyes,0,0.13704328890889883,2.8130746949464083,2.659432189539075
5984,Alexandre Oukidja,17,1530,0,0,0,0,0,0,2,0,GK,Metz,0,0,1.5841659512370825,1.5841659512370825
5998,Christophe Herelle,9,733,0,0.14616912975907326,0,0.012765692546963692,3,1,3,0,D,Brest,0,0.14616912975907326,1.017662812024355,1.0048971213400364
6003,Jimmy Giraudon,18,1594,0,0,0,0.3159872628748417,0,2,2,1,D,Troyes,0,0,2.947982020676136,2.631994780153036
6006,Ruben Aguilar,15,1052,0,0.042067249305546284,0,0.20326887257397175,2,5,1,0,D S,Monaco,0,0.042067249305546284,4.4365410804748535,4.389304246753454
6018,Samuel Moutoussamy,19,747,0,0.8661526255309582,0,0.12355623580515385,6,3,2,0,M S,Nantes,0,0.8661526255309582,1.569065909832716,0.990996491163969
6060,Otávio,16,1154,0,0.2936717038974166,0,0.10645151883363724,12,6,3,0,M S,Bordeaux,0,0.2936717038974166,3.144011575728655,2.780140282586217
6061,Quentin Boisgard,11,330,0,0.24071431811898947,0,0.5044029587879777,6,6,2,0,M S,Lorient,0,0.24071431811898947,1.1511643836274743,0.5065902173519135
6073,Guillermo Maripán,14,1099,0,0.12887614220380783,0,0.4735342860221863,3,1,4,0,D S,Monaco,0,0.12887614220380783,6.1484182346612215,5.674883948639035
6095,Julian Pollersbeck,2,101,0,0,0,0,0,0,0,0,GK S,Lyon,0,0,0.05300319939851761,0.05300319939851761
6283,Levi Lumeka,5,50,0,0,0,0,0,0,0,0,S,Troyes,0,0,0.01650860719382763,0.01650860719382763
6293,Gerzino Nyamsi,15,1272,0,0.5754559971392155,1,0.6588111519813538,10,3,2,0,D S,Strasbourg,0,0.5754559971392155,4.229024216532707,4.084904924035072
6307,Suk Hyun-Jun,9,126,0,0.4442322701215744,0,0.45777779817581177,8,2,0,0,S,Troyes,0,0.4442322701215744,0.8465446289628744,0.5435590539127588
6332,Willem Geubbels,8,204,0,0.11890489608049393,1,0.6584226489067078,3,1,0,0,M S,Nantes,0,0.11890489608049393,0.7833833992481232,0.0380219966173172
6380,Anthony Caci,18,1234,0,0.2307768203318119,1,1.9679127410054207,6,10,3,0,D S,Strasbourg,0,0.2307768203318119,6.1786692179739475,5.57515730150044
6381,Oriol Busquets,4,74,0,0,0,0,0,0,0,0,M S,Clermont Foot,0,0,0.012743134051561356,0.012743134051561356
6407,Vágner,3,77,0,0.3500855565071106,0,0.07436965592205524,1,2,1,0,S,Metz,0,0.3500855565071106,0.3780046831816435,0
6452,Mahdi Camara,18,1566,0,0.5870396066457033,0,0.6335329171270132,9,20,5,0,D M S,Saint-Etienne,0,0.5870396066457033,3.4134996347129345,2.5397695899009705
6466,Jean-Claude Billong,7,413,0,0.08666320331394672,0,0,4,0,1,0,D S,Clermont Foot,0,0.08666320331394672,1.2392173558473587,1.2392173558473587
6489,Steven Fortes,1,90,0,0,0,0,0,0,0,0,D,Lens,0,0,0.47648611664772034,0.47648611664772034
6601,Timothy Weah,14,743,0,1.6492049377411604,3,2.6298607513308525,14,11,1,0,F M S,Lille,0,1.6492049377411604,5.210079377517104,1.1994715444743633
6734,Ambroise Oyongo,1,17,0,0,0,0,0,0,0,0,S,Montpellier,0,0,0,0
6860,Sofiane Alakouch,4,150,0,0.016469746828079224,0,0.012896550819277763,1,1,1,0,S,Metz,0,0.016469746828079224,0.012896550819277763,0.012896550819277763
6869,Antonin Bobichon,4,27,0,0,0,0,0,0,0,0,S,Angers,0,0,0.015381617471575737,0.015381617471575737
6872,Mehmet Zeki Çelik,15,1235,0,0.35892451368272305,0,0.9407693184912205,11,8,5,0,D S,Lille,0,0.35892451368272305,6.605612674728036,5.790804164484143
6881,Thomas Fontaine,2,169,0,0,0,0,0,0,1,0,D,Lorient,0,0,0.5328077077865601,0.5328077077865601
6888,William Saliba,18,1620,0,0.9439375549554825,0,0.571539118885994,14,4,2,0,D,Marseille,0,0.9439375549554825,6.536585407331586,5.965873492881656
6902,Toma Basic,3,217,0,0.06987771764397621,1,0.3002593144774437,2,5,0,0,M,Bordeaux,0,0.06987771764397621,0.2521371841430664,0.08583872765302658
6903,Matz Sels,18,1620,0,0.07736650854349136,0,0.02243180386722088,2,1,0,0,GK,Strasbourg,0,0.07736650854349136,1.7403362840414047,1.7403362840414047
6907,Colin Dagba,3,165,0,0,0,0.06380951777100563,0,2,1,0,D S,Paris Saint Germain,0,0,0.17444095388054848,0.17444095388054848
6945,Youssouf Fofana,16,901,0,0.26093256659805775,3,0.641006538644433,11,6,4,0,M S,Monaco,0,0.26093256659805775,3.9339820593595505,3.1401037704199553
7064,Farid El Melali,2,8,0,0.033346954733133316,0,0,1,0,0,0,S,Angers,0,0.033346954733133316,0.033346954733133316,0
7122,Javairo Dilrosun,16,913,0,0.9267425276339054,3,1.9016748704016209,21,17,2,0,F M S,Bordeaux,0,0.9267425276339054,3.159914545714855,2.094213929027319
7148,Wilson Isidor,4,42,0,0.13869984447956085,0,0.11704172194004059,1,1,0,0,S,Monaco,0,0.13869984447956085,0.25574156641960144,0.11704172194004059
7160,Nemanja Radonjic,1,14,0,0,0,0.12588489055633545,0,1,0,0,S,Marseille,0,0,0.17442230880260468,0.17442230880260468
7178,Valon Berisha,11,321,0,0.15864665806293488,1,0.35221169516444206,2,7,0,1,M S,Reims,0,0.15864665806293488,0.32627689093351364,0.09119749069213867
7206,Jonathan Gradit,19,1703,0,0.026017053984105587,0,1.43640698492527,2,12,4,0,D,Lens,0,0.026017053984105587,6.771729655563831,6.642492964863777
7240,Benoit Badiashile Mukinayi,12,767,0,0.3380659818649292,0,0,6,0,3,0,D S,Monaco,0,0.3380659818649292,3.785391118377447,3.785391118377447
7282,Giulian Biancone,17,1243,0,1.0679833153262734,2,1.119301974773407,19,13,5,0,D M S,Troyes,0,1.0679833153262734,2.9815766494721174,1.7332259938120842
7316,Charles Nathan Abi,1,47,0,0,0,0,0,0,0,0,F,Saint-Etienne,0,0,0.008061019703745842,0.008061019703745842
7328,Maxence Caqueret,19,1339,0,0.3769049420952797,0,0.7298624701797962,8,13,3,0,M S,Lyon,0,0.3769049420952797,7.420391529798508,6.674867656081915
7358,Souleyman Doumbia,13,1065,0,0.3302621068432927,0,0.7512848293408751,8,7,4,0,D M,Angers,0,0.3302621068432927,2.408565513789654,1.970408856868744
7359,Eduardo Camavinga,4,137,0,0,0,0.0517108216881752,0,1,0,0,M S,Rennes,0,0,0.48926855623722076,0.43755773454904556
7432,Reinildo,15,1269,0,0.4390602074563503,0,0.21475351974368095,4,4,6,0,D,Lille,0,0.4390602074563503,3.3728801161050797,3.122769665904343
7440,Philippe Sandler,2,70,0,0,0,0,0,0,0,0,D S,Troyes,0,0,0,0
7486,Leonardo Balerdi,12,783,0,0.048611149191856384,0,0.036228593438863754,1,1,4,1,D S,Marseille,0,0.048611149191856384,2.6079716738313437,2.5717430617660284
7562,Eric Junior Dina Ebimbe,8,236,0,0.08480475842952728,0,0.12127044796943665,3,1,1,0,M S,Paris Saint Germain,0,0.08480475842952728,0.994573175907135,0.9552424177527428
7574,Leo Petrot,7,624,0,0.05398660246282816,0,0,2,0,0,0,D,Lorient,0,0.05398660246282816,1.1254095900803804,1.1254095900803804
7614,Lucas Perrin,15,1129,0,0.2672963887453079,0,0.4800458485260606,4,5,1,0,D S,Strasbourg,0,0.2672963887453079,5.54549118783325,5.205917494371533
7687,Jean Lucas,14,713,0,0.21976180374622345,0,0.8124512899667025,6,12,1,0,M S,Monaco,0,0.21976180374622345,2.5767978206276894,2.025426283478737
7716,Darío Benedetto,2,49,0,0.594883143901825,0,0.06086090952157974,3,1,0,0,S,Marseille,0,0.594883143901825,0.6986498236656189,0.04290580004453659
7717,Isaac Lihadji,6,63,0,0.041341330856084824,3,0.4564102068543434,2,8,0,0,S,Lille,0,0.041341330856084824,0.6020001992583275,0.23393143713474274
7718,Predrag Rajkovic,20,1800,0,0,0,0.010534205473959446,0,1,0,0,GK,Reims,0,0,0.791791963391006,0.7812577579170465
7720,Sambou Sissoko,6,85,0,0.13859243039041758,0,0.1501135677099228,3,2,0,0,S,Reims,0,0.13859243039041758,0.5060345977544785,0.21732860803604126
7729,Julien Faussurier,9,183,0,0,0,0.422349214553833,0,6,0,0,D S,Brest,0,0,0.6598553415387869,0.44262703880667686
7731,Denys Bain,1,90,0,0,0,0,0,0,0,0,D,Brest,0,0,0,0
7732,Haris Belkebla,17,1272,0,0.06376849114894867,0,0.10151263419538736,1,4,0,0,M S,Brest,0,0.06376849114894867,1.752296457067132,1.7205246780067682
7739,Joris Chotard,18,1508,0,0.22505312878638506,0,0.11729844473302364,6,4,3,0,M S,Montpellier,0,0.22505312878638506,3.4566894564777613,3.1711499746888876
7744,Danijel Petkovic,6,540,0,0,0,0,0,0,1,0,GK,Angers,0,0,0.8078502658754587,0.8078502658754587
7745,Loris Benito,1,63,0,0,0,0,0,0,0,0,D,Bordeaux,0,0,0.06592626869678497,0.06592626869678497
7750,Harold Moukoudi,14,1098,0,0.8279683366417885,0,0.045957026071846485,6,2,1,0,D S,Saint-Etienne,0,0.8279683366417885,1.8700711727142334,1.2001111842691898
7755,Domagoj Bradaric,5,130,0,0,0,0.49458521604537964,0,3,0,0,D S,Lille,0,0,1.1597068905830383,0.7353082299232483
7757,Léo Jardim,2,180,0,0,0,0,0,0,0,0,GK,Lille,0,0,0.2884713336825371,0.2884713336825371
7758,Cheikh Niasse,3,22,0,0,0,0,0,0,1,0,S,Lille,0,0,0.08721180260181427,0.08721180260181427
7764,Mamadou Fofana,1,30,0,0,0,0,0,0,0,0,S,Metz,0,0,0.10900435596704483,0.10900435596704483
7765,Thomas Delaine,14,1137,0,0.33572619408369064,1,0.9632797688245773,6,15,0,0,D M S,Metz,0,0.33572619408369064,2.275866748765111,1.538155822083354
7980,Adil Aouchiche,17,533,0,0.4145696088671684,1,0.5899429870769382,11,5,2,0,F M S,Saint-Etienne,0,0.4145696088671684,1.2735773781314492,0.901730639860034
8049,Jean-Kevin Duverne,20,1500,0,0.1467152088880539,1,1.1531918421387672,4,13,1,0,D S,Brest,0,0.1467152088880539,3.275249362923205,2.3632012885063887
8057,Stefan Bajic,7,507,0,0.017942767590284348,0,0,1,0,0,0,GK S,Saint-Etienne,0,0.017942767590284348,0.1267394796013832,0.10879671201109886
8094,Mathis Cherki,13,271,0,0.670806996524334,1,0.7132070865482092,11,8,1,0,F S,Lyon,0,0.670806996524334,1.8323599360883236,1.0546129699796438
8146,Ismail Jakobs,15,715,0,0.1032683365046978,0,0.9139094837009907,2,7,1,0,D S,Monaco,0,0.1032683365046978,2.7601540237665176,1.9861884117126465
8151,Hianga&#039;a M&#039;Bock,10,698,0,0.22568073403090239,0,0.014812007546424866,6,1,3,0,M S,Brest,0,0.22568073403090239,1.023487157188356,0.9039182653650641
8165,Lucien Agoume,14,981,0,0.5356104820966721,0,0.9296548217535019,9,8,2,0,M S,Brest,0,0.5356104820966721,2.1121602430939674,1.7769493088126183
8166,Mehdi Zerkane,6,69,0,0.02178862690925598,0,0.04563257843255997,1,1,0,0,S,Bordeaux,0,0.02178862690925598,0.2777661085128784,0.21034490317106247
8182,Lucas Da Cunha,10,396,0,0.8026994373649359,1,1.5790614830330014,10,13,0,0,M S,Nice,0,0.8026994373649359,1.9763523805886507,0.17082422971725464
8186,Nelson Sissoko,1,49,0,0,0,0,0,0,1,0,D,Saint-Etienne,0,0,0,0
8187,Georges Mikautadze,1,1,0,0.165682852268219,0,0,2,0,0,0,S,Metz,0,0.165682852268219,0.165682852268219,0
8248,Maxence Rivera,1,4,0,0,0,0,0,0,0,0,S,Saint-Etienne,0,0,0,0
8249,Renaud Emond,6,192,0,0.008175134658813477,0,0.018503181636333466,1,1,0,0,F M S,Nantes,0,0.008175134658813477,0.4683907926082611,0.46021565794944763
8278,Papa Ndiaga Yade,9,300,0,0.2316575748845935,0,0.6638448238372803,5,2,2,0,D M S,Metz,0,0.2316575748845935,1.616235837340355,1.3366065677255392
8283,Batista Mendy,15,1074,0,0.13053321093320847,0,0.13802243024110794,5,3,2,0,M S,Angers,0,0.13053321093320847,1.0585318338125944,1.008251971565187
8312,Kaj Sierhuis,2,80,0,0.07896847277879715,0,0.10991762578487396,2,2,0,0,F S,Reims,0,0.07896847277879715,0.2858481705188751,0.16669322922825813
8314,Yvann Maçon,13,943,0,0.11345965415239334,0,1.165650320239365,6,9,4,0,D M S,Saint-Etienne,0,0.11345965415239334,1.8791784513741732,0.7325579170137644
8327,Bruno Guimarães,18,1470,0,0.8509474489837885,3,2.7242866046726704,11,28,2,0,M S,Lyon,0,0.8509474489837885,8.519916709512472,5.97606910392642
8372,Lucas Gourna Douath,13,607,0,0.40276089310646057,0,0.019362783059477806,3,1,3,0,M S,Saint-Etienne,0,0.40276089310646057,0.3708822801709175,0.3708822801709175
8632,Enzo Ebosse,12,631,0,0,0,0.16686107218265533,0,2,0,0,D M S,Angers,0,0,1.922028049826622,1.922028049826622
8633,Waniss Taibi,3,93,0,0.07355981320142746,0,0,1,0,1,0,M S,Angers,0,0.07355981320142746,0.1604764200747013,0.1604764200747013
8642,Strahinja Pavlovic,7,448,0,0.47775163501501083,0,0.10306627303361893,5,1,2,1,D S,Monaco,0,0.47775163501501083,1.9541179053485394,1.9541179053485394
8643,Chrislain Matsima,3,107,0,0.0754954069852829,0,0,1,0,0,0,D S,Monaco,0,0.0754954069852829,1.0087772607803345,1.0087772607803345
8644,Eliot Matazo,11,604,0,0.01684076525270939,0,0.1315883155912161,1,4,1,0,M S,Monaco,0,0.01684076525270939,1.0254294220358133,0.8770003393292427
8648,Fraser Hornby,1,11,0,0,0,0,0,0,0,0,S,Reims,0,0,0,0
8649,Houboulang Mendes,18,1613,0,0.84479402564466,0,0.12536703795194626,7,3,1,1,D,Lorient,0,0.84479402564466,1.1778298392891884,0.9916307413950562
8651,Enzo Le Fée,18,1125,0,0.568821276538074,2,1.0592247107997537,14,22,0,0,M S,Lorient,0,0.568821276538074,2.528544744476676,1.7334998082369566
8652,Stéphane Diarra,11,429,0,0.9739228636026382,0,1.0145843215286732,10,10,2,0,F M S,Lorient,0,0.9739228636026382,2.081085989251733,0.4002634547650814
8655,Mehdi Chahiri,1,13,0,0,0,0,0,0,0,0,S,Strasbourg,0,0,0.07361768186092377,0.07361768186092377
8656,Birger Meling,15,1061,0,0.22239451110363007,2,0.7531456053256989,3,7,2,0,D S,Rennes,0,0.22239451110363007,6.01773433573544,5.5638259295374155
8660,Jordan Lotomba,15,882,0,0.17245015129446983,0,0.7496859170496464,3,6,1,0,D S,Nice,0,0.17245015129446983,5.595051668584347,5.120755426585674
8662,Dan Ndoye,3,200,0,0.2161923348903656,1,0.18965287506580353,3,2,0,0,F S,Nice,0,0.2161923348903656,0.7341177463531494,0.3282725214958191
8663,Flavius Daniliuc,12,541,0,0,0,0,0,0,1,0,D S,Nice,0,0,1.647681262344122,1.647681262344122
8665,Loic Bade,11,799,0,0.18038135766983032,0,0.05225852504372597,4,1,1,1,D S,Rennes,0,0.18038135766983032,2.3773113265633583,2.3250528052449226
8666,Cheick Oumar Doucoure,17,1502,0,0.6191813256591558,3,1.908299595117569,14,16,3,1,M,Lens,0,0.6191813256591558,9.597523305565119,7.71231947094202
8667,Ismael Boura,5,94,0,0.01410993468016386,0,0,1,0,0,0,D S,Lens,0,0.01410993468016386,0.4958001971244812,0.4958001971244812
8672,Wuilker Fariñez,2,133,0,0,0,0,0,0,0,0,GK S,Lens,0,0,0.3637200891971588,0.3637200891971588
8677,Lilian Brassier,15,1068,0,0.07122527156025171,0,0.1528803464025259,4,3,3,0,D S,Brest,0,0.07122527156025171,1.508074956946075,1.389956722036004
8678,Jonas Omlin,14,1260,0,0,0,0,0,0,0,0,GK,Montpellier,0,0,2.3902012538164854,2.3902012538164854
8684,Fodé Doucouré,3,146,0,0,0,0.024365566670894623,0,1,0,0,D S,Reims,0,0,0.8351528644561768,0.8107873201370239
8686,Cheick Tidiane Sabaly,5,135,0,0.37987099401652813,0,0.01953664980828762,2,1,0,0,F S,Metz,0,0.37987099401652813,0.911058634519577,0.5516730323433876
8688,Warren Tchimbembé,7,151,0,0,0,0.11817298084497452,0,2,0,0,M S,Metz,0,0,0.7259574066847563,0.6077844258397818
8689,Yvan Neyou,13,907,0,0.125857250764966,0,0.6391039025038481,6,7,1,0,M S,Saint-Etienne,0,0.125857250764966,1.470510265789926,0.8017744570970535
8692,Jerome Hergault,6,262,0,0,0,0.08355450630187988,0,1,0,2,D S,Lorient,0,0,0.302394799888134,0.21884029358625412
8696,Pape Alassane Gueye,15,671,0,0.3262699330225587,1,0.2873216066509485,13,6,3,0,M S,Marseille,0,0.3262699330225587,3.6540979649871588,3.167179921641946
8700,Xavi Simons,1,21,0,0,0,0,0,0,0,0,S,Paris Saint Germain,0,0,0.04971127212047577,0.04971127212047577
8702,Tinotenda Kadewere,5,142,0,1.5306801721453667,0,0,8,0,0,1,M S,Lyon,0,1.5306801721453667,2.243130810558796,0.7124506533145905
8703,Sinaly Diomande,10,571,0,0.3232547976076603,0,0.02200794406235218,3,1,2,0,D S,Lyon,0,0.3232547976076603,1.8361802734434605,1.8141723312437534
8746,Aïmen Moueffek,6,266,0,0.09724702127277851,0,0,4,0,1,0,M S,Saint-Etienne,0,0.09724702127277851,0.12170598842203617,0.040027786046266556
8749,Lamine Gueye,14,561,0,1.8301447741687298,3,1.2168652275577188,13,16,0,0,F M S,Metz,0,1.8301447741687298,2.6929656863212585,0.45647865161299706
8784,Nassim Chadli,7,48,0,0.0685988012701273,0,0,2,0,1,0,S,Troyes,0,0.0685988012701273,0.5680756215006113,0.499476820230484
8920,Dilane Bakwa,1,10,0,0,0,0,0,0,0,0,S,Bordeaux,0,0,0,0
8923,Ivo Grbic,17,1530,0,0,0,0,0,0,2,0,GK,Lille,0,0,1.8108430709689856,1.8108430709689856
8950,Konrad De la Fuente,16,784,0,1.0853157676756382,2,1.2801710274070501,15,10,1,0,M S,Marseille,0,1.0853157676756382,4.0078107714653015,1.9298343267291784
8973,Lorenz Assignon,11,349,0,0.710595577955246,0,0.13990068435668945,4,1,0,0,D S,Rennes,0,0.710595577955246,2.05161883123219,1.3410232234746218
8980,Luis Henrique,13,456,0,1.196459285914898,1,0.2907233126461506,5,7,0,0,D F M S,Marseille,0,1.196459285914898,1.7753799203783274,0.364036338403821
9017,Malo Gusto,13,793,0,0.37163463793694973,0,1.6146859005093575,5,11,1,0,D M S,Lyon,0,0.37163463793694973,3.8756614476442337,2.823956236243248
9039,Charles Boli,4,26,0,0,0,0,0,0,0,0,S,Lens,0,0,0.12199866026639938,0.12199866026639938
9066,Mahamé Siby,2,14,0,0,0,0,0,0,0,0,S,Strasbourg,0,0,0,0
9067,Amadou Traoré,1,17,0,0,0,0,0,0,0,0,S,Bordeaux,0,0,0,0
9140,Maxime Busi,1,42,0,0,0,0,0,0,1,0,S,Reims,0,0,0,0
9212,Tom Lacoux,4,320,0,0,0,0.1849670372903347,0,2,1,0,M,Bordeaux,0,0,0.9912124536931515,0.8062454164028168
9294,Etienne Green,15,1200,0,0,0,0.0073509542271494865,0,1,1,1,GK,Saint-Etienne,0,0,0.20843671914190054,0.20108576584607363
9317,Oussama Targhaline,1,1,0,0,0,0,0,0,0,0,S,Marseille,0,0,0,0
9341,Edouard Michut,1,21,0,0,1,0.05762100964784622,0,1,0,0,S,Paris Saint Germain,0,0,0.10733228176832199,0.10733228176832199
9355,Abdoulaye Sylla,1,68,0,0,0,0,0,0,1,0,D,Nantes,0,0,0,0
9378,Issouf Sissokho,6,392,0,0.08276653662323952,0,0.2895636949688196,3,8,1,0,M S,Bordeaux,0,0.08276653662323952,1.2199116870760918,1.0265466384589672
9399,Quentin Merlin,12,674,0,0.04679407551884651,1,0.5065026581287384,1,9,0,0,D S,Nantes,0,0.04679407551884651,2.1604045275598764,1.8168251011520624
9448,Dion Moise Sahi,5,62,0,1.0743802636861801,0,0,4,0,0,0,S,Strasbourg,0,1.0743802636861801,1.0743802636861801,0
9450,Dion Lopy,11,662,0,0.23718340508639812,0,0.05849260464310646,6,2,1,0,M S,Reims,0,0.23718340508639812,1.4192739352583885,1.156191397458315
9487,Maxime Estève,13,941,0,0,0,0.02167654223740101,0,1,1,0,D S,Montpellier,0,0,0.766214432194829,0.766214432194829
9489,Jonathan Varane,1,1,0,0,0,0,0,0,0,0,S,Lens,0,0,0,0
9490,Matthis Abline,7,90,0,0.7780372612178326,0,0,2,0,0,0,F S,Rennes,0,0.7780372612178326,0.7528117895126343,0
9491,Warmed Omari,16,1185,0,0.2340896688401699,0,0.19459884241223335,4,3,3,0,D S,Rennes,0,0.2340896688401699,6.176721710711718,6.156449098140001
9510,Habib Keita,2,2,0,0.032343339174985886,0,0,1,0,0,0,S,Lyon,0,0.032343339174985886,0.032343339174985886,0
9523,Andy Diouf,1,4,0,0,0,0,0,0,0,0,S,Rennes,0,0,0,0
9537,William Mikelbrencis,1,62,0,0,0,0,0,0,0,0,D,Metz,0,0,0,0
9562,Sacha Delaye,2,2,0,0,0,0,0,0,0,0,S,Montpellier,0,0,0,0
9563,Mamadou Mbow,1,90,0,0,0,0,0,0,0,0,D,Reims,0,0,0.32819417119026184,0.32819417119026184
9565,Mathys Saban,3,67,0,0,0,0,0,0,1,0,S,Saint-Etienne,0,0,0,0
9566,Yanis Lhéry,4,53,0,0.4155455641448498,0,0,2,0,0,0,S,Saint-Etienne,0,0.4155455641448498,0.036738019436597824,0
9614,Marco Bizot,20,1800,0,0,1,0.07149878516793251,0,2,1,0,GK,Brest,0,0,0.7069101184606552,0.6537747830152512
9615,Jere Uronen,7,452,0,0.021295057609677315,0,0.05647405609488487,1,1,0,0,D S,Brest,0,0.021295057609677315,0.9834925401955843,0.9057234302163124
9618,Gauthier Gallon,19,1710,0,0,0,0,0,0,1,0,GK,Troyes,0,0,1.6198878232389688,1.6198878232389688
9619,Issa Kabore,17,1074,0,0.092391655780375,1,0.9182421658188105,3,8,3,1,D M S,Troyes,0,0.092391655780375,3.243601718917489,2.3440391225740314
9620,Dylan Chambost,12,332,0,0.4059031456708908,1,0.4240989461541176,7,7,0,0,M S,Troyes,0,0.4059031456708908,1.1177155636250973,0.6340050334110856
9621,Florian Tardieu,12,1009,0,0.2832345450296998,1,1.0008947160094976,9,20,2,0,M S,Troyes,0,0.2832345450296998,2.971897216513753,2.58291126973927
9622,Mykola Kukharevych,2,9,0,0.06354109942913055,0,0,1,0,0,0,S,Troyes,0,0.06354109942913055,0,0
9623,Tanguy Zoukrou,4,63,0,0.057354241609573364,0,0,1,0,1,0,S,Troyes,0,0.057354241609573364,0,0
9626,Brandon Domingues,9,72,0,0.40279901679605246,0,0.184030219912529,2,3,0,0,S,Troyes,0,0.40279901679605246,0.5344124538823962,0.10779698193073273
9628,Nathan Bitumazala,1,8,0,0,0,0,0,0,0,0,S,Paris Saint Germain,0,0,0,0
9631,Christopher Wooh,7,477,0,1.1205544397234917,1,0.4114506393671036,4,4,1,0,D S,Lens,0,1.1205544397234917,2.1404609214514494,2.02760942094028
9632,Deiver Machado,11,302,0,0.024640340358018875,0,0.6747381649911404,1,5,1,0,D M S,Lens,0,0.024640340358018875,1.1371022164821625,0.43772369623184204
9635,Karol Fila,6,311,0,0,0,0.711349368095398,0,3,3,0,D S,Strasbourg,0,0,0.9119731858372688,0.30072495341300964
9637,Abdel Jalil Zaim Idriss Medioub,6,262,0,0.056829056702554226,0,0,2,0,0,0,D S,Bordeaux,0,0.056829056702554226,0.13919253554195166,0.08236347883939743
9638,Arthur Desmas,13,1170,0,0,0,0,0,0,0,0,GK,Clermont Foot,0,0,1.1392297856509686,1.1392297856509686
9639,Akim Zedadka,19,1705,0,0.5302959848195314,1,1.682731244713068,16,20,2,0,D,Clermont Foot,0,0.5302959848195314,4.394047165289521,3.1971499416977167
9642,Salis Abdul Samed,17,1416,0,0.29323295317590237,0,0.6463694535195827,6,8,3,1,M S,Clermont Foot,0,0.29323295317590237,4.19954383559525,3.3850079122930765
9645,Jim Allevinah,16,897,0,1.4202081337571144,1,0.9657036289572716,23,12,1,0,M S,Clermont Foot,0,1.4202081337571144,3.919944789260626,1.8014108687639236
9647,Jonathan Iglesias,15,560,0,0.019090477377176285,0,0.20426755864173174,1,4,0,0,M S,Clermont Foot,0,0.019090477377176285,1.8583616092801094,1.6928885839879513
9650,Arial Mendy,7,368,0,0.1394430436193943,0,1.1030524224042892,6,7,1,0,D M S,Clermont Foot,0,0.1394430436193943,1.8916021436452866,0.814038154669106
9652,Alidu Seidu,6,145,0,0.3466319367289543,0,0.04158643260598183,4,2,0,1,D M S,Clermont Foot,0,0.3466319367289543,0.7403337005525827,0.3969933521002531
9653,Ouparine Djoco,6,540,0,0,0,0,0,0,0,0,GK,Clermont Foot,0,0,0.15720827784389257,0.15720827784389257
9655,Pablo Rosario,20,1524,0,0.7260025665163994,2,0.5335928872227669,12,12,5,0,M S,Nice,0,0.7260025665163994,3.900429602712393,3.5801117066293955
9658,Billal Brahimi,6,82,0,0.08387508429586887,1,0.7815170884132385,2,4,0,0,S,Angers,0,0.08387508429586887,0.8967438340187073,0.5638012625277042
9660,Bryan Djile Nokoue,2,53,0,0,0,0,0,0,0,0,S,Saint-Etienne,0,0,0.00792514719069004,0.00792514719069004
9661,Igor Silva,18,1286,0,0.32611422799527645,0,0.42908763512969017,11,9,3,0,D M S,Lorient,0,0.32611422799527645,2.976879032328725,2.2482644598931074
9662,Dango Ouattara,11,307,0,0.5842622183263302,0,0.12591840606182814,9,3,2,0,F M S,Lorient,0,0.5842622183263302,0.6640957882627845,0.06796025019139051
9663,Samuel Loric,3,270,0,0,0,0,0,0,0,0,D,Lorient,0,0,0.02205736842006445,0.02205736842006445
9664,Redwan Bourlès,3,8,0,0,0,0,0,0,0,0,S,Lorient,0,0,0,0
9666,Lenny Joseph,3,51,0,0,0,0,0,0,1,0,S,Metz,0,0,0.02346387505531311,0.02346387505531311
9667,Amadou Onana,15,398,0,0.4037194103002548,0,0.16996975243091583,2,2,2,1,M S,Lille,0,0.4037194103002548,1.8929904587566853,1.319301325827837
9669,Thuler,10,551,0,0.02798129804432392,0,0,1,0,1,1,D S,Montpellier,0,0.02798129804432392,0.3251531720161438,0.3251531720161438
9670,Léo Leroy,10,164,0,0.06826336309313774,0,0.011004227213561535,3,1,0,0,M S,Montpellier,0,0.06826336309313774,0.21005327999591827,0.13078568875789642
9671,Béni Makouana,11,133,0,0.13200872484594584,0,0.44819382205605507,4,2,2,0,S,Montpellier,0,0.13200872484594584,0.5282934326678514,0.01799476519227028
9672,Luan Peres,19,1565,0,0.03029423952102661,1,0.8606804385781288,2,9,1,0,D M S,Marseille,0,0.03029423952102661,8.6503496915102,7.931940361857414
9767,Habib Diarra,1,1,0,0,0,0,0,0,0,0,S,Strasbourg,0,0,0,0
9778,Henrique,4,215,0,0,0,0.03137635812163353,0,1,0,0,D M S,Lyon,0,0,0.29646041616797447,0.26508405804634094
9779,Rafiki Said,8,45,0,0.2995225489139557,0,0,5,0,0,0,S,Brest,0,0.2995225489139557,0.2995225489139557,0.09492704086005688
9780,Mathys Tel,3,28,0,0,0,0.0919741541147232,0,1,0,0,S,Rennes,0,0,0,0
9781,Osman Bukari,11,503,0,0.760629104450345,1,0.9939025714993477,8,8,0,0,M S,Nantes,0,0.760629104450345,1.8526024296879768,0.6571648139506578
9782,Sikou Niakaté,6,285,0,0.11812428385019302,0,0.039066132158041,2,1,0,0,D S,Metz,0,0.11812428385019302,0.3785352036356926,0.3785352036356926
9807,Gideon Mensah,10,398,0,0.053081024438142776,1,1.1813152804970741,1,6,0,0,D S,Bordeaux,0,0.053081024438142776,2.4765452723950148,2.255854334682226
9920,Fransérgio,16,774,0,0.5906132273375988,0,0.09085131948813796,8,3,4,0,M S,Bordeaux,0,0.5906132273375988,3.17478165961802,2.6102558989077806
9929,Théo Le Bris,4,57,0,0,0,0,0,0,0,0,S,Lorient,0,0,0.011807619594037533,0.011807619594037533
9930,Amadou Salif Mbengue,6,301,0,0,0,0.017735663801431656,0,1,3,0,D S,Metz,0,0,0.10753391310572624,0.10753391310572624
9932,Nordine Kandil,2,18,0,0,1,0.6413069367408752,0,1,0,0,S,Strasbourg,0,0,0.6537877209484577,0.012480784207582474
9941,Mitchell van Bergen,9,464,0,0.28189267590641975,0,0.22833969816565514,4,6,1,0,F S,Reims,0,0.28189267590641975,0.40220336243510246,0.040570580400526524
9944,Gabriel Gudmundsson,11,310,0,1.152733663097024,0,0.052342443726956844,6,2,0,0,D S,Lille,0,1.152733663097024,1.4707946255803108,0.3252364359796047
9961,Nuno Mendes,11,638,0,0.05162976682186127,0,1.5371691063046455,2,6,2,0,D S,Paris Saint Germain,0,0.05162976682186127,5.183894723653793,4.716288663446903
9962,Sekou Oumar Yansane,1,15,0,0,0,0,0,0,0,0,S,Paris Saint Germain,0,0,0.027452964335680008,0.027452964335680008
9972,Yanis Guermouche,1,1,0,0,0,0,0,0,0,0,S,Montpellier,0,0,0,0
9973,Nicholas Gioacchini,15,252,0,0.7152769714593887,2,0.4088880531489849,6,4,0,0,M S,Montpellier,0,0.7152769714593887,1.0599783826619387,0.13813531957566738
9974,Ignacio Ramírez,5,122,0,0.05083561223000288,0,0,2,0,0,0,F S,Saint-Etienne,0,0.05083561223000288,0.5439231721684337,0.4930875599384308
9977,Loum Tchaouna,5,33,0,0.542893648147583,0,0,1,0,0,0,S,Rennes,0,0.542893648147583,0.6135071218013763,0.07061347365379333
9978,Azor Matusiwa,13,1118,0,0.1447488497942686,1,0.6402031611651182,4,8,5,0,M,Reims,0,0.1447488497942686,3.206954773515463,3.0403459407389164
9981,Youssouph Badji,8,120,0,0.18152214586734772,0,0.016941582784056664,2,1,0,0,F S,Brest,0,0.18152214586734772,0.25708575174212456,0.07556360587477684
9990,Yannis M&#039;Bemba,1,3,0,0.04846382886171341,0,0,2,0,0,0,S,Nantes,0,0.04846382886171341,0,0
10040,Erik Palmer-Brown,2,89,0,0,0,0,0,0,0,0,D S,Troyes,0,0,0,0
10041,Yasser Larouci,1,12,0,0,0,0,0,0,0,0,S,Troyes,0,0,0.009864415973424911,0.009864415973424911
10057,Felix Lemarechal,1,8,0,0,0,0,0,0,0,0,S,Monaco,0,0,0,0
10058,Maghnes Akliouche,1,1,0,0,0,0,0,0,0,0,S,Monaco,0,0,0,0
10064,El Hadji Dieye,3,11,0,0,0,0,0,0,0,0,S,Saint-Etienne,0,0,0,0
10074,Sambou Soumano,5,23,0,0.08769439160823822,0,0.01758384145796299,1,1,1,0,S,Lorient,0,0.08769439160823822,0.10527823865413666,0
10099,Baptiste Mouazan,1,11,0,0,0,0,0,0,0,0,S,Lorient,0,0,0,0
10100,Kamory Doumbia,1,10,0,0,0,0,0,0,0,0,S,Reims,0,0,0,0
10125,Ibrahima Baldé,1,15,0,0,0,0,0,0,0,0,S,Lens,0,0,0,0
10131,Lucas Calodat,1,1,0,0,0,0,0,0,0,0,S,Saint-Etienne,0,0,0.009136433713138103,0.009136433713138103
10133,Yadaly Diaby,3,33,0,0.11256899684667587,0,0,1,0,1,1,S,Clermont Foot,0,0.11256899684667587,0.11256899684667587,0
10151,Aboubacar Sidibe,1,5,0,0,0,0,0,0,0,0,S,Clermont Foot,0,0,0,0
10195,Ibrahim Diakité,1,3,0,0,0,0,0,0,0,0,S,Reims,0,0,0,0
10196,Martin Adeline,2,119,0,0.2087075412273407,0,0.3615451455116272,2,1,1,0,M S,Reims,0,0.2087075412273407,0.5702527165412903,0
10256,Patrick Berg,1,20,0,0,0,0,0,0,0,0,S,Lens,0,0,0,0
10258,Dogan Alemdar,1,90,0,0,0,0,0,0,0,0,GK,Rennes,0,0,0.09898973256349564,0.09898973256349564
10271,Vanderson,1,19,0,0,0,0.37633830308914185,0,1,0,0,S,Monaco,0,0,0.37633830308914185,0.37633830308914185
