Dátum,Meccs-Id,Hazai-Csapat,Vendég-Csapat,Hazai-Gól,Ellenfél-Gól,Hazai-XG,Ellenfél-XG,Ellenfél-PR,Meccs-Előtti-PR,Meccs-Utáni-PR,Vendég-xgPR,Meccs-Előtti-xgPR,Meccs-Utáni-xgPR,Vendég-Mixed_PR,Meccs-Előtti-Mixed_PR,Meccs-Utáni-Mixed_PR
2014-08-23 14:30:00,5452,(H) FC Cologne,(V) Hamburger SV,0,0,0.522276,0.913337,10.000,10.000,9.875,10.000,10.000,9.777,10.000,10.000,9.973
2014-08-30 14:30:00,5458,(H) VfB Stuttgart,(V) FC Cologne,0,2,1.2983,0.722885,10.125,9.875,10.563,9.631,9.777,10.009,10.619,9.973,10.616
2014-09-13 14:30:00,5416,(H) Paderborn,(V) FC Cologne,0,0,0.386458,0.327136,10.813,10.563,10.751,10.115,10.009,10.175,10.760,10.616,10.762
2014-09-21 16:30:00,5428,(H) FC Cologne,(V) Borussia M.Gladbach,0,0,0.551855,0.772177,10.578,10.751,10.583,10.372,10.175,10.044,10.113,10.762,10.530
2014-09-24 19:00:00,5436,(H) Hannover 96,(V) FC Cologne,1,0,0.695122,0.408032,10.051,10.583,10.325,9.853,10.044,10.193,10.237,10.530,10.260
2014-09-27 14:30:00,5442,(H) FC Cologne,(V) Bayern Munich,0,2,0.821798,3.46966,11.240,10.325,9.929,10.996,10.193,9.607,10.129,10.260,10.264
2014-10-04 17:30:00,5389,(H) Eintracht Frankfurt,(V) FC Cologne,3,2,1.12408,2.49948,10.094,9.929,9.845,9.548,9.607,9.373,10.630,10.264,10.574
2014-10-18 14:30:00,5397,(H) FC Cologne,(V) Borussia Dortmund,2,1,0.904346,0.825853,9.100,9.845,9.784,10.048,9.373,9.436,8.974,10.574,10.279
2014-10-24 19:30:00,5401,(H) Werder Bremen,(V) FC Cologne,0,1,0.519282,0.514564,8.459,9.784,9.828,9.726,9.436,9.635,8.814,10.279,10.287
2014-11-02 16:30:00,5354,(H) FC Cologne,(V) Freiburg,0,1,0.375065,1.46003,9.172,9.828,9.289,9.655,9.635,9.244,9.608,10.287,10.013
2014-11-08 14:30:00,5358,(H) Hoffenheim,(V) FC Cologne,3,4,1.30702,1.19994,10.338,9.289,9.926,10.106,9.244,9.611,10.268,10.013,10.425
2014-11-22 17:30:00,5371,(H) FC Cologne,(V) Hertha Berlin,1,2,1.12625,0.473541,9.111,9.926,9.347,9.602,9.611,9.647,9.436,10.425,9.640
2014-11-29 14:30:00,5377,(H) Bayer Leverkusen,(V) FC Cologne,5,1,0.950144,2.37812,10.273,9.347,8.704,10.580,9.647,9.648,9.776,9.640,9.156
2014-12-06 14:30:00,5317,(H) FC Cologne,(V) Augsburg,1,2,1.19112,1.35221,10.900,8.704,8.878,10.696,9.648,9.745,10.133,9.156,9.066
2014-12-13 14:30:00,5325,(H) Schalke 04,(V) FC Cologne,1,2,1.14183,1.20569,11.735,8.878,9.967,10.045,9.745,9.929,11.704,9.066,10.116
2014-12-16 19:00:00,5332,(H) FC Cologne,(V) Mainz 05,0,0,0.541438,0.482622,9.025,9.967,9.606,9.734,9.929,9.770,9.289,10.116,9.770
2014-12-20 17:30:00,5345,(H) Wolfsburg,(V) FC Cologne,2,1,0.401914,0.527607,10.324,9.606,9.660,10.710,9.770,10.099,9.701,9.770,9.659
2015-01-31 14:30:00,5309,(H) Hamburger SV,(V) FC Cologne,0,2,1.16042,0.601293,9.720,9.660,10.300,9.426,10.099,10.196,10.425,9.659,10.336
2015-02-04 19:00:00,5267,(H) FC Cologne,(V) VfB Stuttgart,0,0,0.310801,0.621159,9.348,10.300,9.937,9.700,10.196,9.869,9.557,10.336,10.094
2015-02-07 14:30:00,5272,(H) FC Cologne,(V) Paderborn,0,0,1.03792,0.58064,7.759,9.937,9.268,8.766,9.869,9.583,9.017,10.094,9.585
2015-02-14 14:30:00,5281,(H) Borussia M.Gladbach,(V) FC Cologne,1,0,0.390044,0.795179,10.459,9.268,9.441,10.199,9.583,9.761,10.372,9.585,9.758
2015-02-21 17:30:00,5295,(H) FC Cologne,(V) Hannover 96,1,1,1.54226,0.979608,9.085,9.441,9.227,9.889,9.761,9.809,9.217,9.758,9.357
2015-02-27 19:30:00,5298,(H) Bayern Munich,(V) FC Cologne,4,1,0.494166,3.92268,13.369,9.227,9.637,11.531,9.809,9.507,12.010,9.357,10.252
2015-03-08 14:30:00,5240,(H) FC Cologne,(V) Eintracht Frankfurt,4,2,1.74567,1.89213,9.692,9.637,10.026,9.803,9.507,9.419,9.813,10.252,10.554
2015-03-14 17:30:00,5248,(H) Borussia Dortmund,(V) FC Cologne,0,0,0.938097,0.5365,10.804,10.026,10.346,11.126,9.419,10.071,9.765,10.554,10.381
2015-03-21 14:30:00,5252,(H) FC Cologne,(V) Werder Bremen,1,1,1.76655,0.570166,9.787,10.346,10.081,9.951,10.071,10.215,9.729,10.381,9.794
2015-04-04 14:30:00,5197,(H) Freiburg,(V) FC Cologne,1,0,0.844825,0.504147,9.648,10.081,9.848,9.790,10.215,10.319,9.722,9.794,9.566
2015-04-12 14:30:00,5211,(H) FC Cologne,(V) Hoffenheim,3,2,2.55523,2.32029,9.304,9.848,9.837,9.894,10.319,10.146,9.385,9.566,9.587
2015-04-18 14:30:00,5216,(H) Hertha Berlin,(V) FC Cologne,0,0,0.54042,1.06799,9.815,9.837,9.956,9.499,10.146,9.977,10.394,9.587,10.046
2015-04-25 14:30:00,5226,(H) FC Cologne,(V) Bayer Leverkusen,1,1,1.30026,1.19204,11.946,9.956,10.329,10.574,9.977,10.028,11.283,10.046,10.203
2015-05-02 14:30:00,5161,(H) Augsburg,(V) FC Cologne,0,0,0.292827,1.43037,8.924,10.329,10.103,8.896,10.028,9.586,10.080,10.203,10.582
2015-05-10 16:30:00,5176,(H) FC Cologne,(V) Schalke 04,2,0,1.52646,0.236428,9.955,10.103,10.441,10.234,9.586,9.946,9.687,10.582,10.411
2015-05-16 14:30:00,5181,(H) Mainz 05,(V) FC Cologne,2,0,1.01035,1.67686,9.520,10.441,9.836,9.343,9.946,9.754,10.160,10.411,10.140
2015-05-23 14:30:00,5186,(H) FC Cologne,(V) Wolfsburg,2,2,0.909494,2.05941,10.701,9.836,9.927,10.245,9.754,9.464,10.370,10.140,10.360
2015-08-16 19:30:00,1029,(H) VfB Stuttgart,(V) FC Cologne,1,3,1.85087,2.98558,10.061,9.927,10.586,10.815,9.464,9.643,9.205,10.360,10.980
2015-08-22 17:30:00,1034,(H) FC Cologne,(V) Wolfsburg,1,1,1.37825,2.14017,10.678,10.586,10.484,10.131,9.643,9.450,10.475,10.980,10.919
2015-08-29 17:30:00,1042,(H) FC Cologne,(V) Hamburger SV,2,1,1.67081,1.44461,9.123,10.484,10.269,8.980,9.450,9.264,9.965,10.919,10.749
2015-09-12 20:30:00,1054,(H) Eintracht Frankfurt,(V) FC Cologne,6,2,0.902695,2.93005,10.754,10.269,9.515,9.978,9.264,9.061,10.876,10.749,10.413
2015-09-19 17:30:00,1062,(H) FC Cologne,(V) Borussia M.Gladbach,1,0,0.541995,0.4042,8.377,9.515,9.356,9.049,9.061,8.967,9.259,10.413,10.215
2015-09-22 22:00:00,1067,(H) Hertha Berlin,(V) FC Cologne,2,0,0.853586,1.34684,9.684,9.356,9.063,9.584,8.967,9.123,10.226,10.215,9.966
2015-09-25 22:30:00,1075,(H) FC Cologne,(V) Ingolstadt,1,1,1.3352,0.638071,10.148,9.063,9.209,9.774,9.123,9.335,10.313,9.966,9.753
2015-10-04 17:30:00,1090,(H) Schalke 04,(V) FC Cologne,0,3,1.32,1.11607,11.101,9.209,10.557,10.224,9.335,9.733,11.008,9.753,10.891
2015-10-18 17:30:00,1100,(H) FC Cologne,(V) Hannover 96,0,1,1.52116,1.26113,9.103,10.557,9.818,9.158,9.733,9.529,9.858,10.891,10.193
2015-10-24 17:30:00,1107,(H) Bayern Munich,(V) FC Cologne,4,0,0.230279,3.69101,12.509,9.818,9.616,12.486,9.529,9.528,10.083,10.193,10.156
2015-10-31 18:30:00,1112,(H) FC Cologne,(V) Hoffenheim,0,0,1.33774,0.90728,9.036,9.616,9.346,8.788,9.528,9.326,10.177,10.156,9.929
2015-11-07 18:30:00,1123,(H) Bayer Leverkusen,(V) FC Cologne,1,2,2.03601,0.457253,10.121,9.346,9.915,10.359,9.326,10.104,9.861,9.929,9.892
2015-11-21 18:30:00,1132,(H) FC Cologne,(V) Mainz 05,0,0,0.868247,0.315868,9.802,9.915,9.762,9.645,10.104,10.002,10.016,9.892,9.660
2015-11-27 23:30:00,1138,(H) Darmstadt,(V) FC Cologne,0,0,0.933778,0.508721,9.286,9.762,9.768,9.580,10.002,10.128,9.817,9.660,9.718
2015-12-05 18:30:00,1150,(H) FC Cologne,(V) Augsburg,0,1,2.36543,2.1005,10.142,9.768,9.486,10.188,10.128,10.084,9.796,9.718,9.296
2015-12-12 18:30:00,1159,(H) Werder Bremen,(V) FC Cologne,1,1,1.22073,1.34869,8.458,9.486,9.354,9.301,10.084,9.981,9.282,9.296,9.449
2015-12-19 18:30:00,1169,(H) FC Cologne,(V) Borussia Dortmund,2,1,0.769926,0.750674,11.187,9.354,9.937,12.124,9.981,10.397,8.983,9.449,9.453
2016-01-23 18:30:00,1175,(H) FC Cologne,(V) VfB Stuttgart,1,3,2.33406,2.63662,9.613,9.937,9.231,9.950,10.397,10.085,9.543,9.453,8.926
2016-01-31 18:30:00,1190,(H) Wolfsburg,(V) FC Cologne,1,1,0.698473,2.04894,9.242,9.231,9.359,10.448,10.085,9.963,8.889,8.926,9.379
2016-02-07 18:30:00,1199,(H) Hamburger SV,(V) FC Cologne,1,1,1.37214,0.197661,9.865,9.359,9.611,9.581,9.963,10.286,10.277,9.379,9.435
2016-02-13 21:30:00,1207,(H) FC Cologne,(V) Eintracht Frankfurt,3,1,2.27377,0.606015,9.316,9.611,9.912,9.173,10.286,10.300,9.995,9.435,9.533
2016-02-20 18:30:00,1215,(H) Borussia M.Gladbach,(V) FC Cologne,1,0,0.568002,0.907861,10.080,9.912,9.829,10.098,10.300,10.290,9.995,9.533,9.608
2016-02-26 23:30:00,1219,(H) FC Cologne,(V) Hertha Berlin,0,1,0.787942,0.842565,10.104,9.829,9.523,10.323,10.290,10.160,9.670,9.608,9.262
2016-03-01 23:00:00,1229,(H) Ingolstadt,(V) FC Cologne,1,1,1.14458,1.40092,9.825,9.523,9.723,10.335,10.160,10.265,9.537,9.262,9.520
2016-03-05 18:30:00,1241,(H) FC Cologne,(V) Schalke 04,1,3,2.44466,2.23816,10.178,9.723,9.212,9.959,10.265,10.115,10.052,9.520,8.976
2016-03-12 18:30:00,1251,(H) Hannover 96,(V) FC Cologne,0,2,1.12909,0.988474,8.520,9.212,9.664,8.984,10.115,9.992,9.649,8.976,9.734
2016-03-19 18:30:00,1259,(H) FC Cologne,(V) Bayern Munich,0,1,1.00667,0.343724,12.275,9.664,9.942,11.754,9.992,10.473,10.510,9.734,9.387
2016-04-03 19:30:00,1272,(H) Hoffenheim,(V) FC Cologne,1,1,1.09032,1.04133,10.291,9.942,10.154,9.548,10.473,10.379,10.828,9.387,9.860
2016-04-10 19:30:00,1281,(H) FC Cologne,(V) Bayer Leverkusen,0,2,0.731816,1.36907,11.025,10.154,9.747,10.207,10.379,10.052,10.741,9.860,9.615
2016-04-17 19:30:00,1290,(H) Mainz 05,(V) FC Cologne,2,3,1.14393,1.80923,10.437,9.747,10.294,10.565,10.052,10.139,10.060,9.615,10.268
2016-04-23 17:30:00,1294,(H) FC Cologne,(V) Darmstadt,4,1,2.56591,1.03362,10.784,10.294,11.042,10.416,10.139,10.466,10.265,10.268,10.509
2016-04-29 22:30:00,1300,(H) Augsburg,(V) FC Cologne,0,0,0.257362,0.88211,10.492,11.042,11.030,9.621,10.466,10.224,11.068,10.509,10.930
2016-05-07 17:30:00,1314,(H) FC Cologne,(V) Werder Bremen,0,0,0.578238,0.585339,10.230,11.030,10.705,10.353,10.224,10.129,9.785,10.930,10.521
2016-05-14 17:30:00,1321,(H) Borussia Dortmund,(V) FC Cologne,2,2,1.60855,1.15049,11.290,10.705,10.976,11.467,10.129,10.703,9.924,10.521,10.382
2016-08-27 17:30:00,1331,(H) FC Cologne,(V) Darmstadt,2,0,3.13195,0.558815,9.577,10.976,11.001,9.527,10.703,10.927,9.961,10.382,10.008
2016-09-10 17:30:00,1337,(H) Wolfsburg,(V) FC Cologne,0,0,1.36943,0.914326,10.080,11.001,10.896,9.982,10.927,10.930,10.248,10.008,10.079
2016-09-16 22:30:00,1345,(H) FC Cologne,(V) Freiburg,3,0,1.40487,1.4295,10.320,10.896,11.377,10.230,10.930,10.624,10.082,10.079,10.711
2016-09-21 22:00:00,1362,(H) Schalke 04,(V) FC Cologne,1,3,1.18875,1.37614,10.139,11.377,11.692,10.013,10.624,10.549,10.258,10.711,11.270
2016-09-25 19:45:00,1371,(H) FC Cologne,(V) RasenBallsport Leipzig,1,1,0.366844,0.819612,10.984,11.692,11.390,11.056,10.549,10.438,9.844,11.270,10.902
2016-10-01 17:30:00,1373,(H) Bayern Munich,(V) FC Cologne,1,1,0.899194,2.20563,11.969,11.390,11.660,11.222,10.438,10.432,10.729,10.902,11.310
2016-10-15 17:30:00,1383,(H) FC Cologne,(V) Ingolstadt,2,1,3.98127,1.07265,9.095,11.660,11.144,10.039,10.432,10.936,8.987,11.310,10.127
2016-10-22 17:30:00,1394,(H) Hertha Berlin,(V) FC Cologne,2,1,1.35639,1.43523,11.064,11.144,10.999,9.916,10.936,10.786,11.294,10.127,10.313
2016-10-30 20:30:00,3307,(H) FC Cologne,(V) Hamburger SV,3,0,2.93112,0.307566,8.984,10.999,11.120,8.728,10.786,10.802,10.290,10.313,10.276
2016-11-05 21:30:00,2812,(H) Eintracht Frankfurt,(V) FC Cologne,1,0,0.638081,0.860348,10.978,11.120,10.960,10.556,10.802,10.810,10.679,10.276,10.307
2016-11-19 18:30:00,2816,(H) Borussia M.Gladbach,(V) FC Cologne,1,2,0.413052,2.04672,9.588,10.960,10.992,10.082,10.810,10.345,9.659,10.307,10.928
2016-11-26 18:30:00,2825,(H) FC Cologne,(V) Augsburg,0,0,1.38658,0.50809,10.327,10.992,10.701,9.512,10.345,10.231,10.744,10.928,10.537
2016-12-03 18:30:00,3196,(H) Hoffenheim,(V) FC Cologne,4,0,1.83627,2.16731,10.471,10.701,9.768,10.412,10.231,10.318,10.144,10.537,9.647
2016-12-10 18:30:00,3203,(H) FC Cologne,(V) Borussia Dortmund,1,1,0.905376,0.740252,11.405,9.768,10.052,11.478,10.318,10.524,9.867,9.647,9.536
2016-12-17 18:30:00,3212,(H) Werder Bremen,(V) FC Cologne,1,1,1.84906,0.377752,10.309,10.052,10.241,10.006,10.524,10.887,10.393,9.536,9.507
2016-12-21 23:00:00,3226,(H) FC Cologne,(V) Bayer Leverkusen,1,1,0.721118,1.45189,9.771,10.241,9.999,10.160,10.887,10.398,9.460,9.507,9.553
2017-01-22 19:30:00,3730,(H) Mainz 05,(V) FC Cologne,0,0,0.407808,0.489561,9.539,9.999,10.009,9.982,10.398,10.399,9.646,9.553,9.722
2017-01-28 17:30:00,3736,(H) Darmstadt,(V) FC Cologne,1,6,3.27302,1.55993,8.851,10.009,11.095,9.117,10.399,10.632,9.626,9.722,10.645
2017-02-04 14:30:00,3741,(H) FC Cologne,(V) Wolfsburg,1,0,1.1942,0.620852,9.725,11.095,10.877,9.679,10.632,10.412,9.840,10.645,10.425
2017-02-12 16:30:00,3757,(H) Freiburg,(V) FC Cologne,2,1,1.74238,0.928509,9.518,10.877,10.412,10.013,10.412,10.641,9.559,10.425,9.880
2017-02-19 16:30:00,3766,(H) FC Cologne,(V) Schalke 04,1,1,0.302197,1.77578,10.531,10.412,10.317,10.153,10.641,10.026,10.244,9.880,10.214
2017-02-25 14:30:00,3769,(H) RasenBallsport Leipzig,(V) FC Cologne,3,1,0.696948,0.94132,10.533,10.317,9.996,10.032,10.026,10.091,10.583,10.214,9.992
2017-03-04 14:30:00,3778,(H) FC Cologne,(V) Bayern Munich,0,3,0.184391,1.609,12.841,9.996,9.832,11.504,10.091,9.963,11.373,9.992,9.818
2017-03-11 17:30:00,3791,(H) Ingolstadt,(V) FC Cologne,2,2,1.28155,1.42995,9.288,9.832,9.821,9.721,9.963,9.990,9.666,9.818,9.942
2017-03-18 14:30:00,3796,(H) FC Cologne,(V) Hertha Berlin,4,2,1.0584,1.69998,10.352,9.821,10.329,10.588,9.990,9.854,9.653,9.942,10.405
2017-04-01 14:30:00,3804,(H) Hamburger SV,(V) FC Cologne,2,1,1.13052,1.36149,9.764,10.329,10.063,9.679,9.854,9.878,10.092,10.405,10.259
2017-04-04 19:00:00,3813,(H) FC Cologne,(V) Eintracht Frankfurt,1,0,0.731269,0.651039,9.388,10.063,10.019,10.399,9.878,9.903,8.768,10.259,9.991
2017-04-08 14:30:00,3825,(H) FC Cologne,(V) Borussia M.Gladbach,2,3,0.968922,0.615319,10.300,10.019,9.714,9.812,9.903,9.844,10.364,9.991,9.621
2017-04-15 14:30:00,3834,(H) Augsburg,(V) FC Cologne,2,1,1.39565,1.08513,8.500,9.714,9.285,9.077,9.844,9.855,9.502,9.621,9.389
2017-04-21 19:30:00,3842,(H) FC Cologne,(V) Hoffenheim,1,1,1.18729,1.16684,11.367,9.285,9.681,10.483,9.855,9.892,10.816,9.389,9.616
2017-04-29 14:30:00,3848,(H) Borussia Dortmund,(V) FC Cologne,0,0,0.275427,2.67669,11.335,9.681,10.220,11.561,9.892,9.834,9.853,9.616,10.401
2017-05-05 19:30:00,3863,(H) FC Cologne,(V) Werder Bremen,4,3,2.86367,1.59994,11.331,10.220,10.623,10.191,9.834,10.114,11.051,10.401,10.373
2017-05-13 14:30:00,3866,(H) Bayer Leverkusen,(V) FC Cologne,2,2,0.970487,2.64929,9.536,10.623,10.476,10.061,10.114,9.806,9.613,10.373,10.728
2017-05-20 14:30:00,3878,(H) FC Cologne,(V) Mainz 05,2,0,1.29204,0.141602,9.972,10.476,10.725,10.510,9.806,10.145,9.378,10.728,10.478
2017-08-20 17:00:00,8267,(H) Borussia M.Gladbach,(V) FC Cologne,1,0,0.837903,1.62503,10.022,10.725,10.424,10.214,10.145,10.090,9.741,10.478,10.366
2017-08-25 19:30:00,8268,(H) FC Cologne,(V) Hamburger SV,1,3,1.88741,1.64554,9.954,10.424,9.682,9.436,10.090,9.862,10.365,10.366,9.680
2017-09-09 14:30:00,8282,(H) Augsburg,(V) FC Cologne,3,0,0.458374,2.27655,10.157,9.682,9.176,10.280,9.862,9.637,9.819,9.680,9.544
2017-09-17 17:00:00,8294,(H) Borussia Dortmund,(V) FC Cologne,5,0,0.461837,3.85155,10.759,9.176,8.447,11.065,9.637,9.272,9.733,9.544,9.314
2017-09-20 17:30:00,8299,(H) FC Cologne,(V) Eintracht Frankfurt,0,1,1.84333,1.33101,9.600,8.447,8.360,10.507,9.272,9.584,8.954,9.314,8.721
2017-09-24 14:30:00,8311,(H) Hannover 96,(V) FC Cologne,0,0,1.10618,1.35909,10.175,8.360,8.939,9.629,9.584,9.657,10.644,8.721,9.390
2017-10-01 17:00:00,8313,(H) FC Cologne,(V) RasenBallsport Leipzig,1,2,1.34012,3.09763,10.510,8.939,8.957,10.260,9.657,9.243,10.198,9.390,9.656
2017-10-13 19:30:00,8330,(H) VfB Stuttgart,(V) FC Cologne,2,1,1.58359,2.18945,9.219,8.957,8.897,9.995,9.243,9.405,9.347,9.656,9.605
2017-10-22 12:30:00,8332,(H) FC Cologne,(V) Werder Bremen,0,0,1.79566,0.948887,8.851,8.897,8.761,9.679,9.405,9.560,9.101,9.605,9.142
2017-10-28 14:30:00,8345,(H) Bayer Leverkusen,(V) FC Cologne,2,1,0.850339,1.44263,11.441,8.761,9.306,10.316,9.560,9.726,11.215,9.142,9.683
2017-11-05 14:30:00,8350,(H) FC Cologne,(V) Hoffenheim,0,3,0.857394,3.01942,9.547,9.306,8.491,9.901,9.726,9.104,9.548,9.683,9.315
2017-11-18 14:30:00,8364,(H) Mainz 05,(V) FC Cologne,1,0,0.577082,1.45054,9.932,8.491,8.726,9.875,9.104,9.203,10.119,9.315,9.609
2017-11-26 17:00:00,8369,(H) FC Cologne,(V) Hertha Berlin,0,2,0.73674,2.1997,9.339,8.726,8.254,9.349,9.203,8.749,9.848,9.609,9.409
2017-12-02 17:30:00,8381,(H) Schalke 04,(V) FC Cologne,2,2,1.90135,2.34535,10.640,8.254,8.976,10.288,8.749,9.148,10.391,9.409,9.890
2017-12-10 12:30:00,8389,(H) FC Cologne,(V) Freiburg,3,4,1.45869,3.40591,9.288,8.976,8.679,9.932,9.148,8.732,9.087,9.890,9.801
2017-12-13 19:30:00,8394,(H) Bayern Munich,(V) FC Cologne,1,0,0.303914,3.34396,11.613,8.679,9.287,10.880,8.732,8.634,10.864,9.801,10.702
2017-12-16 14:30:00,8405,(H) FC Cologne,(V) Wolfsburg,1,0,2.32178,1.15445,10.423,9.287,9.696,10.098,8.634,9.167,10.177,10.702,10.404
2018-01-14 14:30:00,8414,(H) FC Cologne,(V) Borussia M.Gladbach,2,1,1.74295,2.11945,10.195,9.696,9.946,10.510,9.167,9.284,9.506,10.404,10.399
2018-01-20 17:30:00,8427,(H) Hamburger SV,(V) FC Cologne,0,2,1.38156,0.899507,9.477,9.946,10.454,9.822,9.284,9.664,9.691,10.399,10.726
2018-01-27 14:30:00,8434,(H) FC Cologne,(V) Augsburg,1,1,0.9238,0.688597,9.576,10.454,10.109,10.504,9.664,9.808,9.002,10.726,10.111
2018-02-02 19:30:00,8447,(H) FC Cologne,(V) Borussia Dortmund,2,3,2.00798,2.4117,10.217,10.109,9.761,10.679,9.808,9.800,9.435,10.111,9.668
2018-02-10 14:30:00,8456,(H) Eintracht Frankfurt,(V) FC Cologne,4,2,1.30881,2.44799,10.162,9.761,9.486,9.684,9.800,9.611,10.478,9.668,9.780
2018-02-17 14:30:00,8457,(H) FC Cologne,(V) Hannover 96,1,1,0.244916,1.20598,9.991,9.486,9.487,9.886,9.611,9.314,10.014,9.780,9.954
2018-02-25 17:00:00,8468,(H) RasenBallsport Leipzig,(V) FC Cologne,1,2,1.31216,2.11128,10.526,9.487,10.122,10.312,9.314,9.489,10.170,9.954,10.583
2018-03-04 14:30:00,8476,(H) FC Cologne,(V) VfB Stuttgart,2,3,1.19883,0.510854,10.393,10.122,9.815,10.445,9.489,9.775,9.792,10.583,9.838
2018-03-12 19:30:00,8491,(H) Werder Bremen,(V) FC Cologne,3,1,0.404235,1.35381,10.210,9.815,9.539,10.083,9.775,9.740,10.212,9.838,9.794
2018-03-18 14:30:00,8498,(H) FC Cologne,(V) Bayer Leverkusen,2,0,1.50233,0.407088,10.390,9.539,10.127,10.794,9.740,10.152,9.556,9.794,9.836
2018-03-31 14:30:00,8506,(H) Hoffenheim,(V) FC Cologne,6,0,0.786962,3.02461,10.680,10.127,8.890,10.293,10.152,9.753,10.528,9.836,9.193
2018-04-07 13:30:00,8513,(H) FC Cologne,(V) Mainz 05,1,1,1.31169,1.09441,9.224,8.890,8.848,9.416,9.753,9.598,9.779,9.193,9.160
2018-04-14 13:30:00,8522,(H) Hertha Berlin,(V) FC Cologne,2,1,1.41628,1.65421,9.533,8.848,8.894,10.230,9.598,9.822,9.510,9.160,9.182
2018-04-22 16:00:00,8531,(H) FC Cologne,(V) Schalke 04,2,2,0.751725,2.56921,10.643,8.894,9.206,9.736,9.822,9.221,10.909,9.182,9.943
2018-04-28 13:30:00,8541,(H) Freiburg,(V) FC Cologne,3,2,1.34976,3.3782,8.772,9.206,8.973,9.166,9.221,8.825,9.924,9.943,10.320
2018-05-05 14:30:00,8552,(H) FC Cologne,(V) Bayern Munich,1,3,1.9373,2.76039,12.723,8.973,9.285,11.516,8.825,9.167,11.072,10.320,10.089
2018-05-12 14:30:00,8564,(H) Wolfsburg,(V) FC Cologne,4,1,1.59763,1.84524,8.105,9.285,8.365,8.874,9.167,9.157,9.410,10.089,9.356
2019-08-17 14:30:00,12408,(H) Wolfsburg,(V) FC Cologne,2,1,0.662001,0.9793,11.570,8.365,9.041,10.343,9.157,9.499,11.094,9.356,9.745
2019-08-23 19:30:00,12412,(H) FC Cologne,(V) Borussia Dortmund,1,3,0.937461,2.08181,11.311,9.041,8.983,10.752,9.499,9.401,10.544,9.745,9.606
2019-08-31 14:30:00,12423,(H) Freiburg,(V) FC Cologne,1,2,1.62928,0.838391,10.975,8.983,9.856,9.860,9.401,9.838,11.108,9.606,10.159
2019-09-14 13:30:00,12433,(H) FC Cologne,(V) Borussia M.Gladbach,0,1,0.841764,1.55336,10.085,9.856,9.538,9.843,9.838,9.536,10.097,10.159,9.946
2019-09-21 13:30:00,12442,(H) Bayern Munich,(V) FC Cologne,4,0,1.03267,2.92351,12.225,9.538,9.335,11.858,9.536,9.769,10.369,9.946,9.649
2019-09-29 16:00:00,12456,(H) FC Cologne,(V) Hertha Berlin,0,4,0.533432,2.20336,8.860,9.335,8.091,9.712,9.769,9.212,9.025,9.649,8.785
2019-10-05 17:30:00,12457,(H) Schalke 04,(V) FC Cologne,1,1,1.04818,2.04637,11.760,8.091,9.133,10.744,9.212,9.470,10.976,8.785,9.707
2019-10-20 14:30:00,12467,(H) FC Cologne,(V) Paderborn,3,0,2.41631,0.574545,8.873,9.133,9.693,9.149,9.470,9.725,9.432,9.707,9.803
2019-10-25 19:30:00,12483,(H) Mainz 05,(V) FC Cologne,3,1,1.52391,1.54568,9.466,9.693,9.261,9.632,9.725,9.821,9.947,9.803,9.469
2019-11-03 14:30:00,12490,(H) Fortuna Duesseldorf,(V) FC Cologne,2,0,1.03434,2.18646,8.957,9.261,8.810,9.916,9.821,9.682,9.084,9.469,9.286
2019-11-08 19:30:00,12498,(H) FC Cologne,(V) Hoffenheim,1,2,0.638731,1.6191,11.146,8.810,9.019,10.224,9.682,9.447,10.789,9.286,9.532
2019-11-23 17:30:00,12504,(H) RasenBallsport Leipzig,(V) FC Cologne,4,1,0.886616,2.57218,12.275,9.019,9.208,11.129,9.447,9.571,11.215,9.532,9.749
2019-11-30 14:30:00,12516,(H) FC Cologne,(V) Augsburg,1,1,1.07293,2.28696,10.564,9.208,9.422,9.982,9.571,9.245,10.466,9.749,10.107
2019-12-08 14:30:00,12528,(H) Union Berlin,(V) FC Cologne,2,0,0.772348,1.7912,10.547,9.422,9.328,10.131,9.245,9.337,10.482,10.107,10.080
2019-12-14 14:30:00,12536,(H) FC Cologne,(V) Bayer Leverkusen,2,0,1.94644,0.226408,11.137,9.328,10.155,11.172,9.337,10.101,9.831,10.080,9.963
2019-12-18 19:30:00,12542,(H) Eintracht Frankfurt,(V) FC Cologne,2,4,2.13045,1.25773,9.598,10.155,10.641,10.171,10.101,10.462,9.483,9.963,10.250
2019-12-21 14:30:00,12554,(H) FC Cologne,(V) Werder Bremen,1,0,1.03002,0.229787,7.532,10.641,9.989,8.493,10.462,10.045,8.934,10.250,9.846
2020-01-18 14:30:00,12563,(H) FC Cologne,(V) Wolfsburg,3,1,1.52546,1.73137,10.232,9.989,10.425,10.987,10.045,10.104,9.209,9.846,10.113
2020-01-24 19:30:00,12566,(H) Borussia Dortmund,(V) FC Cologne,5,1,0.860519,3.14965,11.528,10.425,9.826,11.082,10.104,9.901,10.668,10.113,9.949
2020-02-02 14:30:00,12581,(H) FC Cologne,(V) Freiburg,4,0,4.10075,0.502678,9.433,9.826,10.603,9.724,9.901,10.631,9.654,9.949,9.851
2020-02-16 14:30:00,12598,(H) FC Cologne,(V) Bayern Munich,1,4,2.03908,3.04216,12.179,10.603,10.122,11.538,10.631,10.482,10.487,9.851,9.386
2020-02-22 14:30:00,12607,(H) Hertha Berlin,(V) FC Cologne,0,5,2.89736,0.449209,9.661,10.122,11.382,9.668,10.482,11.016,9.913,9.386,10.281
2020-02-29 17:30:00,12617,(H) FC Cologne,(V) Schalke 04,3,0,1.17896,0.592026,8.941,11.382,11.397,9.506,11.016,10.660,9.323,10.281,10.520
2020-03-06 19:00:00,12627,(H) Paderborn,(V) FC Cologne,1,2,2.68366,0.596262,9.336,11.397,11.257,9.491,10.660,11.015,9.966,10.520,10.235
2020-03-11 17:30:00,12585,(H) Borussia M.Gladbach,(V) FC Cologne,2,1,1.31698,1.32979,10.393,11.257,10.916,11.132,11.015,11.166,9.226,10.235,9.861
2020-05-17 13:30:00,12635,(H) FC Cologne,(V) Mainz 05,2,2,2.76011,1.97274,9.464,10.916,10.428,9.082,11.166,10.717,10.137,9.861,9.608
2020-05-24 16:00:00,12645,(H) FC Cologne,(V) Fortuna Duesseldorf,2,2,2.24705,0.444463,9.263,10.428,10.012,9.142,10.717,10.649,9.980,9.608,9.125
2020-05-27 18:30:00,12648,(H) Hoffenheim,(V) FC Cologne,3,1,2.24859,1.26471,8.567,10.012,9.276,9.719,10.649,10.787,8.891,9.125,8.446
2020-06-01 18:30:00,12662,(H) FC Cologne,(V) RasenBallsport Leipzig,2,4,0.803762,3.20866,11.647,9.276,9.244,11.195,10.787,10.163,10.336,8.446,8.895
2020-06-07 16:00:00,12671,(H) Augsburg,(V) FC Cologne,1,1,0.791182,2.20052,9.730,9.244,9.491,9.308,10.163,9.722,10.487,8.895,9.770
2020-06-13 13:30:00,12680,(H) FC Cologne,(V) Union Berlin,1,2,1.342,0.527425,8.340,9.491,8.828,9.650,9.722,9.783,8.587,9.770,8.896
2020-06-17 18:30:00,12684,(H) Bayer Leverkusen,(V) FC Cologne,3,1,0.531542,2.18555,10.419,8.828,8.851,9.774,9.783,9.492,10.757,8.896,9.400
2020-06-20 13:30:00,12698,(H) FC Cologne,(V) Eintracht Frankfurt,1,1,0.960512,1.1762,10.666,8.851,9.180,10.451,9.492,9.553,10.170,9.400,9.521
2020-06-27 13:30:00,12705,(H) Werder Bremen,(V) FC Cologne,6,1,0.853136,3.25477,10.155,9.180,8.299,10.016,9.553,9.193,10.179,9.521,9.161
2020-09-19 13:30:00,14176,(H) FC Cologne,(V) Hoffenheim,2,3,2.40801,2.9032,11.937,8.299,8.833,11.876,9.193,9.615,10.124,9.161,9.151
2020-09-26 13:30:00,14185,(H) Arminia Bielefeld,(V) FC Cologne,1,0,1.3741,0.163242,10.125,8.833,9.031,9.662,9.615,10.054,10.569,9.151,9.078
2020-10-03 13:30:00,15159,(H) FC Cologne,(V) Borussia M.Gladbach,1,3,0.244959,2.0629,9.742,9.031,8.584,10.435,10.054,9.570,9.151,9.078,8.926
2020-10-18 13:30:00,15174,(H) FC Cologne,(V) Eintracht Frankfurt,1,1,1.41695,1.54892,11.463,8.584,9.179,11.430,9.570,9.877,9.931,8.926,9.085
2020-10-23 18:30:00,15176,(H) VfB Stuttgart,(V) FC Cologne,1,1,2.37516,0.722179,11.304,9.179,9.835,10.075,9.877,10.465,11.302,9.085,9.351
2020-10-31 14:30:00,15186,(H) FC Cologne,(V) Bayern Munich,1,2,0.681548,0.992927,13.146,9.835,10.288,12.534,10.465,10.779,10.591,9.351,9.364
2020-11-06 19:30:00,15194,(H) Werder Bremen,(V) FC Cologne,1,1,0.399372,1.35118,10.425,10.288,10.447,9.637,10.779,10.381,10.874,9.364,10.104
2020-11-22 17:00:00,15211,(H) FC Cologne,(V) Union Berlin,1,2,1.08472,1.89238,11.389,10.447,10.308,10.596,10.381,10.108,10.672,10.104,10.073
2020-11-28 14:30:00,15212,(H) Borussia Dortmund,(V) FC Cologne,1,2,1.59253,2.76041,12.272,10.308,11.174,11.816,10.108,10.368,10.534,10.073,10.855
2020-12-05 14:30:00,15227,(H) FC Cologne,(V) Wolfsburg,2,2,1.08565,1.90682,11.155,11.174,11.044,10.285,10.368,10.017,10.811,10.855,10.924
2020-12-12 14:30:00,15237,(H) Mainz 05,(V) FC Cologne,0,1,0.838955,1.26169,9.147,11.044,10.945,10.223,10.017,10.088,8.962,10.924,10.914
2020-12-16 19:30:00,15241,(H) FC Cologne,(V) Bayer Leverkusen,0,4,0.251532,1.93376,11.299,10.945,9.908,10.057,10.088,9.535,11.121,10.914,10.261
2020-12-19 14:30:00,15248,(H) RasenBallsport Leipzig,(V) FC Cologne,0,0,0.205395,1.57839,11.202,9.908,10.357,10.815,9.535,9.637,10.480,10.261,10.784
2021-01-02 14:30:00,15262,(H) FC Cologne,(V) Augsburg,0,1,0.454651,1.23997,8.776,10.357,9.587,8.883,9.637,9.127,9.736,10.784,10.343
2021-01-09 14:30:00,15269,(H) Freiburg,(V) FC Cologne,5,0,0.139728,2.91627,11.121,9.587,8.846,10.773,9.127,8.969,10.313,10.343,9.905
2021-01-16 14:30:00,15281,(H) FC Cologne,(V) Hertha Berlin,0,0,0.336553,0.419961,9.359,8.846,8.849,9.530,8.969,8.963,9.749,9.905,9.762
2021-01-20 17:30:00,15289,(H) Schalke 04,(V) FC Cologne,1,2,1.7479,1.14009,9.205,8.849,9.313,9.019,8.963,9.254,10.139,9.762,10.079
2021-01-24 17:00:00,15295,(H) Hoffenheim,(V) FC Cologne,3,0,2.28505,2.66263,9.482,9.313,8.730,9.470,9.254,9.339,9.990,10.079,9.526
2021-01-31 14:30:00,15308,(H) FC Cologne,(V) Arminia Bielefeld,3,1,1.50709,0.949382,9.307,8.730,9.249,9.249,9.339,9.331,9.758,9.526,9.820
2021-02-06 17:30:00,15311,(H) Borussia M.Gladbach,(V) FC Cologne,1,2,0.816611,0.42778,11.159,9.249,10.102,10.471,9.331,9.838,10.721,9.820,10.323
2021-02-14 14:30:00,15325,(H) Eintracht Frankfurt,(V) FC Cologne,2,0,0.554721,2.94491,11.708,10.102,10.128,11.055,9.838,9.670,10.703,10.323,10.641
2021-02-20 14:30:00,15335,(H) FC Cologne,(V) VfB Stuttgart,0,1,0.650885,0.606729,9.545,10.128,9.607,9.920,9.670,9.619,9.523,10.641,9.975
2021-02-27 14:30:00,15338,(H) Bayern Munich,(V) FC Cologne,5,1,0.985369,2.40221,10.832,9.607,9.038,10.646,9.619,9.647,10.225,9.975,9.517
2021-03-07 14:30:00,15349,(H) FC Cologne,(V) Werder Bremen,1,1,1.50386,1.20768,9.870,9.038,9.121,9.576,9.647,9.578,10.109,9.517,9.466
2021-03-13 14:30:00,15360,(H) Union Berlin,(V) FC Cologne,2,1,1.05403,2.37875,10.108,9.121,9.243,10.353,9.578,9.566,9.818,9.466,9.760
2021-03-20 14:30:00,15371,(H) FC Cologne,(V) Borussia Dortmund,2,2,1.32405,1.81107,10.959,9.243,9.547,10.611,9.566,9.580,10.235,9.760,9.876
2021-04-03 13:30:00,15378,(H) Wolfsburg,(V) FC Cologne,1,0,1.20907,0.729338,11.596,9.547,9.934,10.501,9.580,10.055,11.131,9.876,9.945
2021-04-11 16:00:00,15388,(H) FC Cologne,(V) Mainz 05,2,3,2.49731,1.51737,10.167,9.934,9.617,10.809,10.055,10.363,9.251,9.945,9.152
2021-04-17 16:30:00,15395,(H) Bayer Leverkusen,(V) FC Cologne,3,0,0.828829,1.98802,9.219,9.617,8.892,9.933,10.363,10.091,9.342,9.152,8.864
2021-04-20 16:30:00,15406,(H) FC Cologne,(V) RasenBallsport Leipzig,2,1,0.594852,2.01175,11.169,8.892,9.586,10.850,10.091,9.802,10.178,8.864,9.672
2021-04-23 18:30:00,15418,(H) Augsburg,(V) FC Cologne,2,3,1.82475,1.84086,9.323,9.586,9.895,9.673,9.802,9.891,9.743,9.672,10.069
2021-05-09 11:30:00,15425,(H) FC Cologne,(V) Freiburg,1,4,1.72084,2.49672,9.793,9.895,8.994,9.771,9.891,9.542,10.059,10.069,9.385
2021-05-15 13:30:00,15432,(H) Hertha Berlin,(V) FC Cologne,0,0,1.65371,0.0752744,10.334,8.994,9.454,10.019,9.542,10.181,10.388,9.385,9.366
2021-05-22 13:30:00,15443,(H) FC Cologne,(V) Schalke 04,1,0,1.98992,0.337227,9.156,9.454,9.504,9.135,10.181,10.208,9.922,9.366,9.217
2021-08-15 15:30:00,17524,(H) FC Cologne,(V) Hertha Berlin,3,1,1.62567,2.1078,9.888,9.504,9.975,9.604,10.208,9.811,10.383,9.217,10.004
2021-08-22 15:30:00,17533,(H) Bayern Munich,(V) FC Cologne,3,2,0.957893,3.08002,11.943,9.975,10.342,11.744,9.811,9.889,10.283,10.004,10.479
2021-08-28 13:30:00,17535,(H) FC Cologne,(V) Bochum,2,1,2.91135,0.721445,10.649,10.342,10.544,9.894,9.889,10.313,10.639,10.479,10.097
2021-09-11 13:30:00,17545,(H) Freiburg,(V) FC Cologne,1,1,1.50213,0.871642,11.063,10.544,10.799,10.115,10.313,10.546,11.070,10.097,10.308
2021-09-18 16:30:00,17557,(H) FC Cologne,(V) RasenBallsport Leipzig,1,1,1.68932,2.03702,10.467,10.799,10.591,10.489,10.546,10.320,9.828,10.308,10.150
2021-09-25 13:30:00,17564,(H) Eintracht Frankfurt,(V) FC Cologne,1,1,1.10981,0.950916,10.159,10.591,10.608,10.031,10.320,10.412,10.171,10.150,10.241
2021-10-01 18:30:00,17570,(H) FC Cologne,(V) Greuther Fuerth,3,1,2.8694,0.984368,9.434,10.608,10.689,10.393,10.412,10.754,8.944,10.241,9.820
2021-10-15 18:30:00,17581,(H) Hoffenheim,(V) FC Cologne,5,0,0.484187,4.18974,9.994,10.689,9.390,10.479,10.754,9.884,9.575,9.820,9.560
2021-10-24 13:30:00,17589,(H) FC Cologne,(V) Bayer Leverkusen,2,2,1.71198,1.79735,10.985,9.390,9.664,10.378,9.884,9.861,10.502,9.560,9.692
2021-10-30 13:30:00,17605,(H) Borussia Dortmund,(V) FC Cologne,2,0,1.20191,1.75772,11.324,9.664,9.704,10.625,9.861,10.038,10.693,9.692,9.706
2021-11-07 16:30:00,17608,(H) FC Cologne,(V) Union Berlin,2,2,1.93335,1.1297,10.646,9.704,9.815,10.279,10.038,10.174,10.240,9.706,9.514
2021-11-21 16:30:00,17617,(H) Mainz 05,(V) FC Cologne,1,1,1.75564,0.941346,10.441,9.815,10.097,10.533,10.174,10.592,9.778,9.514,9.501
2021-11-27 14:30:00,17626,(H) FC Cologne,(V) Borussia M.Gladbach,4,1,1.48695,1.30291,11.042,10.097,10.958,11.113,10.592,10.643,9.856,9.501,10.169
2021-12-04 14:30:00,17633,(H) Arminia Bielefeld,(V) FC Cologne,1,1,1.18693,1.01727,10.164,10.958,10.884,9.374,10.643,10.493,10.804,10.169,10.410
2021-12-10 19:30:00,17644,(H) FC Cologne,(V) Augsburg,0,2,1.15891,1.17632,10.257,10.884,10.102,10.102,10.493,10.266,10.074,10.410,9.705
2021-12-14 19:30:00,17658,(H) Wolfsburg,(V) FC Cologne,2,3,3.14693,2.42693,8.636,10.102,10.110,9.391,10.266,10.352,9.061,9.705,9.739
2021-12-19 16:30:00,17662,(H) FC Cologne,(V) VfB Stuttgart,1,0,1.35819,0.333564,9.144,10.110,9.994,8.754,10.352,10.084,10.171,9.739,9.716
2022-01-09 14:30:00,17671,(H) Hertha Berlin,(V) FC Cologne,1,3,2.46989,0.791753,10.066,9.994,10.637,9.763,10.084,10.548,10.155,9.716,10.031
2022-01-15 14:30:00,17678,(H) FC Cologne,(V) Bayern Munich,0,4,1.0312,3.87329,11.465,10.637,9.719,11.247,10.548,9.887,9.979,10.031,9.604
2022-01-22 17:30:00,17688,(H) Bochum,(V) FC Cologne,2,2,1.5434,1.77931,9.699,9.719,9.839,9.966,9.887,9.973,9.725,9.604,9.818
2022-02-05 14:30:00,17696,(H) FC Cologne,(V) Freiburg,1,0,1.09604,0.683704,10.317,9.839,10.083,10.623,9.973,10.114,9.593,9.818,9.784
2022-02-11 19:30:00,17713,(H) RasenBallsport Leipzig,(V) FC Cologne,3,1,0.794743,0.850488,11.218,10.083,9.992,11.220,10.114,10.502,10.006,9.784,9.478
2022-02-19 17:30:00,17714,(H) FC Cologne,(V) Eintracht Frankfurt,1,0,1.43278,0.678832,9.514,9.992,9.997,9.540,10.502,10.325,9.851,9.478,9.508
2022-02-26 14:30:00,17723,(H) Greuther Fuerth,(V) FC Cologne,1,1,0.569519,0.640559,9.109,9.997,9.900,9.489,10.325,10.223,9.604,9.508,9.675
