Dátum,Meccs-Id,Fő-Csapat,Ellenfél-Csapat,Hazai-Gól,Ellenfél-Gól,Hazai-XG,Ellenfél-XG,Vendég-PR,Meccs-Előtti-PR,Meccs-Utáni-PR,Vendég-xgPR,Meccs-Előtti-xgPR,Meccs-Utáni-xgPR,Vendég-Mixed_PR,Meccs-Előtti-Mixed_PR,Meccs-Utáni-Mixed_PR
2014-08-31 19:45:00,5157,(V) Inter,(H) Torino,0,0,1.31374,1.09973,10,10,10.1250,10,10,10.1785,10,10,10.0715
2014-09-14 14:00:00,5116,(H) Inter,(V) Sassuolo,7,0,3.96571,0.483421,9.875,10.125,11.7500,9.932,10.1785,10.9241,9.818,10.0715,10.8259
2014-09-21 19:45:00,5128,(V) Inter,(H) Palermo,1,1,0.477134,0.584764,9.75,11.75,11.8125,9.8505,10.9241,10.9597,9.8995,10.8259,10.9153
2014-09-24 19:45:00,5132,(H) Inter,(V) Atalanta,2,0,1.81087,0.421513,9.8125,11.8125,11.8125,9.2826,10.9597,10.8070,10.3424,10.9153,10.5680
2014-09-28 14:00:00,5145,(H) Inter,(V) Cagliari,1,4,1.30307,3.32315,9.0,11.8125,10.3438,10.1535,10.807,9.5832,8.8465,10.568,9.6043
2014-10-05 19:45:00,5077,(V) Inter,(H) Fiorentina,0,3,0.617229,2.12016,9.4375,10.3438,9.1407,9.9638,9.5832,8.7543,9.1612,9.6043,8.7769
2014-10-19 19:45:00,5087,(H) Inter,(V) Napoli,2,2,1.55031,1.09733,9.75,9.1407,8.8399,11.1204,8.7543,8.5667,8.1296,8.7769,8.3629
2014-10-26 17:00:00,5097,(V) Inter,(H) Cesena,1,0,2.06734,0.645724,9.4414,8.8399,9.3360,10.4754,8.5667,9.1682,9.9074,8.3629,8.5036
2014-10-29 19:45:00,5101,(H) Inter,(V) Sampdoria,1,0,2.31775,0.529139,10.7851,9.336,9.9395,10.3838,9.1682,9.9689,9.9365,8.5036,8.6599
2014-11-01 19:45:00,5032,(V) Inter,(H) Parma,0,2,0.525,1.67779,8.4092,9.9395,9.3018,9.0947,9.9689,9.5430,9.9738,8.6599,8.3104
2014-11-09 19:45:00,5048,(H) Inter,(V) Verona,2,2,2.06381,2.15466,8.8828,9.3018,8.8416,8.1631,9.543,9.0601,10.8525,8.3104,7.8729
2014-11-23 19:45:00,5058,(V) Inter,(H) AC Milan,1,1,0.75884,0.834114,9.762,8.8416,9.0965,8.4061,9.0601,9.2962,10.1179,7.8729,8.1466
2014-11-30 19:45:00,5068,(V) Inter,(H) Roma,2,4,0.722743,1.97997,11.2073,9.0965,9.2893,9.4345,9.2962,9.6746,9.4801,8.1466,8.6537
2014-12-07 19:45:00,5007,(H) Inter,(V) Udinese,1,2,1.36914,1.49489,8.6676,9.2893,8.8532,6.7391,9.6746,9.4570,11.0959,8.6537,8.2490
2014-12-15 20:00:00,5019,(V) Inter,(H) Chievo,2,0,1.3205,0.826912,10.5154,8.8532,9.5244,10.0017,9.457,9.7516,12.5292,8.249,8.7968
2014-12-21 19:45:00,5029,(H) Inter,(V) Lazio,2,2,1.06596,0.262502,9.8866,9.5244,9.4630,9.3313,9.7516,9.8910,8.1918,8.7968,8.5345
2015-01-06 20:00:00,4966,(V) Inter,(H) Juventus,1,1,1.06956,1.64258,11.02,9.463,10.0032,8.7882,9.891,10.2879,6.5013,8.5345,9.2180
2015-01-11 11:30:00,4969,(H) Inter,(V) Genoa,3,1,2.42963,1.6443,9.6721,10.0032,10.5624,6.432,10.2879,10.5435,11.4123,9.218,9.5809
2015-01-17 17:00:00,4977,(V) Inter,(H) Empoli,0,0,0.956836,0.752011,10.3157,10.5624,10.7943,12.2573,10.5435,10.8267,9.8739,9.5809,9.7616
2015-01-25 14:00:00,4993,(H) Inter,(V) Torino,0,1,0.47051,1.07197,10.5132,10.7943,10.4313,11.9756,10.8267,10.5634,10.301,9.7616,9.5490
2015-02-01 11:30:00,4919,(V) Inter,(H) Sassuolo,1,3,1.30376,1.32624,9.4514,10.4313,9.8805,9.0435,10.5634,10.5070,10.8596,9.549,9.0038
2015-02-08 19:45:00,4934,(H) Inter,(V) Palermo,3,0,0.855097,1.03268,10.4597,9.8805,10.5893,10.0442,10.507,10.4214,10.6257,9.0038,9.7570
2015-02-15 14:00:00,4942,(V) Inter,(H) Atalanta,4,1,1.96151,0.73064,9.8415,10.5893,11.4727,9.814,10.4214,10.8626,12.3685,9.757,10.3327
2015-02-23 20:00:00,4954,(V) Inter,(H) Cagliari,2,1,2.42218,1.35194,10.2017,11.4727,11.5834,14.767,10.8626,10.9909,8.8867,10.3327,10.1758
2015-03-01 17:00:00,4886,(H) Inter,(V) Fiorentina,0,1,0.61408,0.687722,11.1352,11.5834,11.0467,10.5218,10.9909,10.6858,8.7486,10.1758,9.6575
2015-03-08 19:45:00,4896,(V) Inter,(H) Napoli,2,2,1.48015,1.46206,10.7699,11.0467,10.9402,12.7991,10.6858,10.5838,5.4906,9.6575,9.5465
2015-03-15 19:45:00,4905,(H) Inter,(V) Cesena,1,1,1.24118,0.306265,9.6476,10.9402,10.4677,11.3842,10.5838,10.3450,13.6609,9.5465,8.8402
2015-03-22 19:45:00,4914,(V) Inter,(H) Sampdoria,0,1,0.404639,1.4172,10.8178,10.4677,10.1433,8.7406,10.345,10.0175,10.895,8.8402,8.7690
2015-04-04 14:00:00,4830,(H) Inter,(V) Parma,1,1,1.05665,0.542964,8.001,10.1433,9.4621,10.6389,10.0175,9.4647,13.3631,8.769,7.9594
2015-04-11 19:45:00,4842,(V) Inter,(H) Verona,3,0,2.38387,1.46945,10.5589,9.4621,10.5083,11.1959,9.4647,9.9895,13.6716,7.9594,8.7769
2015-04-19 19:45:00,4859,(H) Inter,(V) AC Milan,0,0,1.49986,0.171709,10.5324,10.5083,10.6174,8.363,9.9895,10.4307,10.9519,8.7769,8.5540
2015-04-25 19:45:00,4862,(H) Inter,(V) Roma,2,1,1.31242,0.47498,9.8474,10.6174,10.6442,9.1032,10.4307,10.4169,5.842,8.554,8.3714
2015-04-28 19:45:00,4871,(V) Inter,(H) Udinese,2,1,2.26596,0.593611,9.5316,10.6442,10.5968,7.4231,10.4169,10.5375,13.39,8.3714,7.9059
2015-05-03 14:00:00,4782,(H) Inter,(V) Chievo,0,0,0.895308,0.859563,10.3611,10.5968,10.4936,9.4029,10.5375,10.4433,13.3193,7.9059,7.7938
2015-05-10 19:45:00,4797,(V) Inter,(H) Lazio,2,1,2.23366,1.30251,11.3104,10.4936,11.1163,10.4025,10.4433,11.0487,4.2182,7.7938,8.1837
2015-05-16 17:00:00,4799,(H) Inter,(V) Juventus,1,2,1.95157,1.81655,10.2271,11.1163,10.7852,6.3909,11.0487,11.0014,2.8126,8.1837,7.8189
2015-05-23 19:45:00,4810,(V) Inter,(H) Genoa,2,3,2.04042,2.08755,11.9827,10.7852,10.6747,7.3218,11.0014,11.1291,12.6436,7.8189,7.7202
2015-05-31 19:45:00,4826,(H) Inter,(V) Empoli,4,3,3.0703,2.04109,9.6486,10.6747,10.5336,12.7156,11.1291,10.9954,7.8309,7.7202,7.3218
2015-08-23 22:45:00,557,(H) Inter,(V) Atalanta,1,0,1.03572,0.380583,9.0074,10.5336,10.4323,9.1412,10.9954,10.8079,13.6227,7.3218,7.0568
2015-08-30 22:45:00,567,(V) Inter,(H) Carpi,2,1,3.03344,0.866071,9.4965,10.4323,10.6739,10.5631,10.8079,11.3413,9.1799,7.0568,6.7566
2015-09-13 22:45:00,579,(H) Inter,(V) AC Milan,1,0,1.85902,0.825596,10.3276,10.6739,10.7843,7.0194,11.3413,11.4601,12.3859,6.7566,6.6087
2015-09-20 14:30:00,583,(V) Inter,(H) Chievo,1,0,1.36927,0.885744,11.3521,10.7843,11.2781,8.7405,11.4601,11.8248,15.7135,6.6087,6.9816
2015-09-23 22:45:00,598,(H) Inter,(V) Verona,1,0,0.838775,0.240971,10.031,11.2781,11.1991,10.0769,11.8248,11.6453,14.4847,6.9816,6.7532
2015-09-27 22:45:00,608,(H) Inter,(V) Fiorentina,1,4,1.0519,3.14215,10.6588,11.1991,10.1408,9.4166,11.6453,10.8145,7.1506,6.7532,6.2175
2015-10-04 17:00:00,615,(V) Inter,(H) Sampdoria,1,1,1.91353,2.38692,10.5034,10.1408,10.1356,6.8245,10.8145,10.6909,11.9322,6.2175,6.3306
2015-10-18 22:45:00,630,(H) Inter,(V) Juventus,0,0,0.360147,0.900473,10.0811,10.1356,9.9506,7.7134,10.6909,10.3708,0.1981,6.3306,6.2807
2015-10-24 22:45:00,633,(V) Inter,(H) Palermo,1,1,2.04874,1.06069,9.7086,9.9506,9.9508,13.0973,10.3708,10.6180,7.3202,6.2807,6.0339
2015-10-27 23:45:00,641,(V) Inter,(H) Bologna,1,0,1.26761,0.662582,9.1618,9.9508,9.9809,9.5101,10.618,10.5493,10.8133,6.0339,5.9127
2015-10-31 23:45:00,652,(H) Inter,(V) Roma,1,0,0.392755,1.89135,11.8645,9.9809,10.6198,8.5889,10.5493,10.5636,6.1406,5.9127,6.9263
2015-11-08 15:30:00,663,(V) Inter,(H) Torino,1,0,0.889238,1.34479,9.5215,10.6198,10.8453,11.0478,10.5636,10.4252,7.2453,6.9263,7.2656
2015-11-22 23:45:00,680,(H) Inter,(V) Frosinone,4,0,3.15518,0.473179,9.4194,10.8453,11.4457,7.9618,10.4252,10.6961,12.627,7.2656,7.1955
2015-12-01 00:00:00,690,(V) Inter,(H) Napoli,1,2,0.515146,0.669598,11.0838,11.4457,11.3754,13.1297,10.6961,10.8371,1.0378,7.1955,7.1638
2015-12-05 23:45:00,693,(H) Inter,(V) Genoa,1,0,1.02596,0.0962433,9.7557,11.3754,11.2705,4.8559,10.8371,10.7147,11.9055,7.1638,6.8265
2015-12-12 23:45:00,703,(V) Inter,(H) Udinese,4,0,1.76294,1.56304,10.3251,11.2705,12.2169,10.0341,10.7147,10.7111,15.3666,6.8265,7.7229
2015-12-20 23:45:00,719,(H) Inter,(V) Lazio,1,2,0.52033,1.39821,9.142,12.2169,11.3588,9.9988,10.7111,9.8835,1.7854,7.7229,7.0842
2016-01-06 21:00:00,728,(V) Inter,(H) Empoli,1,0,1.13955,0.506892,11.1248,11.3588,11.3739,13.1942,9.8835,9.8068,10.3042,7.0842,6.9412
2016-01-10 15:30:00,733,(H) Inter,(V) Sassuolo,0,1,2.22072,2.23726,9.685,11.3739,10.7937,8.2926,9.8068,9.4725,11.8278,6.9412,6.3652
2016-01-16 18:00:00,740,(V) Inter,(H) Atalanta,1,1,0.718571,1.68736,8.7798,10.7937,10.4858,8.1686,9.4725,8.9224,14.89,6.3652,6.2995
2016-01-24 18:00:00,755,(H) Inter,(V) Carpi,1,1,2.22439,0.685858,9.9919,10.4858,10.1247,12.4578,8.9224,8.9460,11.5257,6.2995,5.5538
2016-01-31 23:45:00,770,(V) Inter,(H) AC Milan,0,3,1.75777,2.31764,11.2286,10.1247,9.5784,8.7618,8.946,9.0097,11.1958,5.5538,5.1474
2016-02-03 23:45:00,774,(H) Inter,(V) Chievo,1,0,2.4039,0.382305,9.3946,9.5784,9.6926,7.6133,9.0097,9.3793,15.1758,5.1474,4.7562
2016-02-07 15:30:00,783,(V) Inter,(H) Verona,3,3,2.40052,1.30961,9.7913,9.6926,9.8608,10.7761,9.3793,9.8203,17.3057,4.7562,4.6517
2016-02-14 23:45:00,800,(V) Inter,(H) Fiorentina,1,2,0.638279,1.76114,10.6801,9.8608,9.9217,8.3447,9.8203,9.8505,4.5152,4.6517,4.9933
2016-02-20 23:45:00,803,(H) Inter,(V) Sampdoria,3,1,1.91305,0.931898,9.3215,9.9217,10.2102,6.0252,9.8505,9.8843,12.8682,4.9933,5.0365
2016-02-28 23:45:00,818,(V) Inter,(H) Juventus,0,2,0.358357,1.97864,11.8825,10.2102,10.4369,6.9977,9.8843,10.2060,-2.9834,5.0365,5.6683
2016-03-06 23:45:00,830,(H) Inter,(V) Palermo,3,1,1.0249,0.769584,8.2572,10.4369,10.2925,11.8802,10.206,9.6254,10.1348,5.6683,5.4600
2016-03-12 23:45:00,833,(H) Inter,(V) Bologna,2,1,1.77997,0.371108,10.0186,10.2925,10.3929,8.3855,9.6254,9.8280,12.1517,5.46,5.2082
2016-03-19 23:45:00,842,(V) Inter,(H) Roma,1,1,0.296591,1.15003,12.1934,10.3929,11.0064,7.4958,9.828,10.2282,3.3914,5.2082,6.0351
2016-04-03 22:45:00,859,(H) Inter,(V) Torino,1,2,1.27119,2.2995,9.6316,11.0064,10.5656,14.6468,10.2282,9.7804,5.1173,6.0351,5.8514
2016-04-09 17:00:00,861,(V) Inter,(H) Frosinone,1,0,1.413,0.744526,9.0117,10.5656,10.6458,8.7634,9.7804,9.7777,16.76,5.8514,5.7645
2016-04-16 22:45:00,873,(H) Inter,(V) Napoli,2,0,1.88869,0.322765,10.387,10.6458,10.9405,12.889,9.7777,9.9639,-5.8651,5.7645,5.6677
2016-04-20 22:45:00,888,(V) Inter,(H) Genoa,0,1,1.15015,0.9988,10.5154,10.9405,11.0031,5.7107,9.9639,10.3144,12.3202,5.6677,5.6925
2016-04-23 22:45:00,891,(H) Inter,(V) Udinese,3,1,2.91335,1.07267,10.1387,11.0031,11.2167,12.3465,10.3144,10.4882,15.6811,5.6925,5.4460
2016-05-01 22:45:00,908,(V) Inter,(H) Lazio,0,2,0.87251,1.71802,9.9911,11.2167,10.6713,11.9802,10.4882,10.2314,0.2517,5.446,5.1120
2016-05-07 20:00:00,911,(H) Inter,(V) Empoli,2,1,1.75375,0.929999,9.3562,10.6713,10.4550,12.5688,10.2314,9.9710,9.8927,5.112,4.6897
2016-05-14 22:45:00,922,(V) Inter,(H) Sassuolo,1,3,1.11693,1.28643,10.1594,10.455,10.0084,8.3971,9.971,9.9820,12.172,4.6897,4.2855
2016-08-21 22:45:00,938,(V) Inter,(H) Chievo,0,2,1.01715,0.778083,9.4869,10.0084,9.4979,6.6196,9.982,10.0312,16.1039,4.2855,3.7152
2016-08-28 20:00:00,943,(H) Inter,(V) Palermo,1,1,1.94441,0.544244,9.9752,9.4979,9.4792,13.5591,10.0312,10.3625,13.8916,3.7152,3.3465
2016-09-11 22:45:00,958,(V) Inter,(H) Pescara,2,1,1.70313,1.52585,10.1787,9.4792,10.0178,10.5739,10.3625,10.6954,10.0335,3.3465,3.8408
2016-09-18 20:00:00,968,(H) Inter,(V) Juventus,2,1,0.746577,1.24154,11.9969,10.0178,10.7160,3.7878,10.6954,11.0198,-6.5448,3.8408,4.6627
2016-09-21 22:45:00,973,(V) Inter,(H) Empoli,2,0,1.89478,0.437207,9.5723,10.716,11.0908,12.8987,11.0198,11.2590,10.4951,4.6627,4.6731
2016-09-25 17:00:00,985,(H) Inter,(V) Bologna,1,1,1.37159,0.551483,9.9547,11.0908,10.6303,8.7321,11.259,11.0036,14.6775,4.6731,4.0076
2016-10-02 22:45:00,999,(V) Inter,(H) Roma,1,2,1.17527,2.39527,10.5139,10.6303,10.5002,5.0787,11.0036,10.8185,-1.8006,4.0076,4.1825
2016-10-16 17:00:00,1005,(H) Inter,(V) Cagliari,1,2,2.61615,1.4579,9.8581,10.5002,9.9905,13.741,10.8185,10.8484,11.4763,4.1825,3.3833
2016-10-23 17:00:00,1017,(V) Inter,(H) Atalanta,1,2,0.235632,2.3909,10.5669,9.9905,9.7729,12.2627,10.8484,10.3420,15.6193,3.3833,3.7045
2016-10-26 22:45:00,3281,(H) Inter,(V) Torino,2,1,2.39829,0.547634,11.5369,9.7729,10.2969,14.0588,10.342,11.0787,7.0158,3.7045,3.7658
2016-10-30 23:45:00,3297,(V) Inter,(H) Sampdoria,0,1,2.47165,0.821852,9.8509,10.2969,10.2216,5.7154,11.0787,11.6658,16.9859,3.7658,3.2780
2016-11-06 21:00:00,2753,(H) Inter,(V) Crotone,3,0,2.49682,0.248518,10.0099,10.2216,10.6279,11.3315,11.6658,11.8842,11.4385,3.278,3.1222
2016-11-20 23:45:00,2765,(V) Inter,(H) AC Milan,2,2,1.59912,0.652106,9.9835,10.6279,10.7705,8.0636,11.8842,12.2635,7.9042,3.1222,3.0280
2016-11-29 00:00:00,2775,(H) Inter,(V) Fiorentina,4,2,3.58331,0.819314,11.1869,10.7705,11.0271,10.05,12.2635,12.7111,2.3238,3.028,2.5936
2016-12-02 23:45:00,3066,(V) Inter,(H) Napoli,0,3,1.12104,1.76933,10.5748,11.0271,10.4558,13.2986,12.7111,12.7278,-10.3988,2.5936,2.1844
2016-12-11 23:45:00,3083,(H) Inter,(V) Genoa,2,0,0.848838,1.01464,10.6175,10.4558,10.7400,5.8179,12.7278,12.4705,11.9168,2.1844,2.5101
2016-12-18 15:30:00,3090,(V) Inter,(H) Sassuolo,1,0,2.31308,0.574257,10.5989,10.74,11.0990,8.4609,12.4705,13.0142,13.2367,2.5101,2.4343
2016-12-21 19:45:00,3098,(H) Inter,(V) Lazio,3,0,1.03142,0.557926,10.9582,11.099,11.6996,10.3732,13.0142,12.9831,-0.2077,2.4343,2.9165
2017-01-08 15:30:00,3522,(V) Inter,(H) Udinese,2,1,1.26519,1.33028,11.2727,11.6996,12.0986,11.9366,12.9831,13.1158,20.1087,2.9165,3.3317
2017-01-14 23:45:00,3531,(H) Inter,(V) Chievo,3,1,2.95782,0.339844,9.6401,12.0986,12.1954,7.6192,13.1158,13.3671,16.4105,3.3317,2.7740
2017-01-22 14:00:00,3543,(V) Inter,(H) Palermo,1,0,1.83761,0.292892,8.5803,12.1954,11.8418,14.7961,13.3671,13.1497,15.3652,2.774,2.0342
2017-01-28 22:45:00,3551,(H) Inter,(V) Pescara,3,0,3.12652,0.53762,8.531,11.8418,11.6510,12.7401,13.1497,12.8561,11.0722,2.0342,1.1962
2017-02-05 19:45:00,3568,(V) Inter,(H) Juventus,0,1,0.75887,1.07568,11.5162,11.651,11.3880,2.578,12.8561,12.7639,-12.2959,1.1962,1.0124
2017-02-12 14:00:00,3577,(H) Inter,(V) Empoli,2,0,3.08595,0.435897,9.3491,11.388,11.2552,10.654,12.7639,12.7936,16.0435,1.0124,0.2170
2017-02-19 11:30:00,3585,(V) Inter,(H) Bologna,1,0,2.14631,0.773628,8.6303,11.2552,10.9341,8.0275,12.7936,12.5657,15.733,0.217,-0.4473
2017-02-26 19:45:00,3598,(H) Inter,(V) Roma,1,3,1.34431,1.53335,12.2753,10.9341,10.4961,5.4493,12.5657,12.5804,-5.1483,-0.4473,-0.8381
2017-03-05 14:00:00,3605,(V) Inter,(H) Cagliari,5,1,2.29417,0.953042,10.4284,10.4961,11.4373,14.4432,12.5804,12.8568,15.6643,-0.8381,-0.2322
2017-03-12 14:00:00,3612,(H) Inter,(V) Atalanta,7,1,2.83767,0.82197,11.5919,11.4373,13.1772,13.0138,12.8568,13.6006,12.4189,-0.2322,1.0037
2017-03-18 17:00:00,3625,(V) Inter,(H) Torino,2,2,1.75154,1.12122,10.0772,13.1772,13.0469,12.7303,13.6006,13.6279,5.9244,1.0037,0.7158
2017-04-03 19:45:00,3640,(H) Inter,(V) Sampdoria,1,2,1.85477,2.38881,10.0136,13.0469,11.9224,3.1453,13.6279,12.6198,18.3813,0.7158,-0.2752
2017-04-09 14:00:00,3645,(V) Inter,(H) Crotone,1,2,1.90585,2.01501,9.7367,11.9224,10.7800,11.208,12.6198,11.7001,15.0154,-0.2752,-1.3903
2017-04-15 11:30:00,3659,(H) Inter,(V) AC Milan,2,2,1.51555,1.64887,10.6359,10.78,10.2274,7.5214,11.7001,11.1142,7.2512,-1.3903,-1.9095
2017-04-22 19:45:00,3667,(V) Inter,(H) Fiorentina,4,5,1.58463,2.33379,9.7295,10.2274,10.0273,7.2592,11.1142,10.9769,1.6999,-1.9095,-1.9223
2017-04-30 19:45:00,3677,(H) Inter,(V) Napoli,0,1,0.380576,1.58536,12.0761,10.0273,10.2132,12.7531,10.9769,11.1116,-15.1013,-1.9223,-1.4352
2017-05-07 14:00:00,3687,(V) Inter,(H) Genoa,0,1,1.33836,1.25833,8.1195,10.2132,9.7152,8.4234,11.1116,10.8836,11.3152,-1.4352,-1.9533
2017-05-14 11:30:00,3700,(H) Inter,(V) Sassuolo,1,2,1.17353,2.16401,10.8684,9.7152,9.5829,5.9769,10.8836,10.7537,16.5095,-1.9533,-1.8380
2017-05-21 19:45:00,3707,(V) Inter,(H) Lazio,3,1,1.58862,1.14821,11.3608,9.5829,10.7622,11.7905,10.7537,11.5431,-4.0696,-1.838,-0.7689
2017-05-28 19:45:00,3721,(H) Inter,(V) Udinese,5,2,3.44437,2.68963,9.58,10.7622,11.4225,12.0859,11.5431,11.6421,18.0748,-0.7689,-0.2973
2017-08-20 19:45:00,7503,(H) Inter,(V) Fiorentina,3,0,2.71454,0.411971,9.772,11.4225,11.8682,7.7662,11.6421,11.9134,2.0278,-0.2973,-0.4273
2017-08-26 19:45:00,7510,(V) Inter,(H) Roma,3,1,2.45224,1.34009,11.2119,11.8682,12.3958,1.5872,11.9134,12.2190,-8.6634,-0.4273,-0.1778
2017-09-10 11:30:00,7524,(H) Inter,(V) SPAL 2013,2,0,2.08048,0.375089,10.0253,12.3958,12.3463,9.8744,12.219,12.0959,9.9261,-0.1778,-0.6536
2017-09-16 14:00:00,7530,(V) Inter,(H) Crotone,2,0,0.736631,1.01223,9.535,12.3463,12.3180,9.2247,12.0959,11.4988,16.8455,-0.6536,-0.6130
2017-09-19 19:45:00,7541,(V) Inter,(H) Bologna,1,1,1.06724,0.890588,9.2764,12.318,11.7586,7.8806,11.4988,10.9835,18.922,-0.613,-1.2166
2017-09-24 14:00:00,7553,(H) Inter,(V) Genoa,1,0,0.614281,0.829654,9.0141,11.7586,11.1115,9.2408,10.9835,10.0326,13.2869,-1.2166,-1.8099
2017-10-01 14:00:00,7560,(V) Inter,(H) Benevento,2,1,1.95792,1.28824,7.5569,11.1115,10.4488,9.0903,10.0326,9.2873,9.7735,-1.8099,-2.6400
2017-10-15 19:45:00,7574,(H) Inter,(V) AC Milan,3,2,2.24514,0.839877,9.6983,10.4488,10.2644,8.6244,9.2873,9.2042,4.7729,-2.64,-3.1758
2017-10-21 19:45:00,7584,(V) Inter,(H) Napoli,0,0,0.436205,1.20848,12.8287,10.2644,10.9582,11.518,9.2042,9.7050,-20.8607,-3.1758,-2.2889
2017-10-24 19:45:00,7595,(H) Inter,(V) Sampdoria,3,2,3.08506,1.06402,11.1675,10.9582,11.0555,3.5595,9.705,10.0576,20.2752,-2.2889,-2.6969
2017-10-30 19:45:00,7601,(V) Inter,(H) Verona,2,1,1.11384,1.01025,9.226,11.0555,11.0437,12.6302,10.0576,9.8217,21.0715,-2.6969,-2.7346
2017-11-05 11:30:00,7615,(H) Inter,(V) Torino,1,1,1.63539,1.12737,9.2388,11.0437,10.4610,11.1758,9.8217,9.3660,6.5524,-2.7346,-3.4443
2017-11-19 19:45:00,7622,(H) Inter,(V) Atalanta,2,0,1.13454,0.357219,10.004,10.461,10.7370,12.864,9.366,9.3363,7.3929,-3.4443,-3.3627
2017-11-25 19:45:00,7631,(V) Inter,(H) Cagliari,3,1,1.21177,1.1677,9.859,10.737,11.0544,14.7279,9.3363,9.1647,17.4902,-3.3627,-3.0563
2017-12-03 14:00:00,7644,(H) Inter,(V) Chievo,5,0,3.78874,0.459896,9.8375,11.0544,11.8970,8.964,9.1647,9.5895,19.9598,-3.0563,-3.0459
2017-12-09 19:45:00,7652,(V) Inter,(H) Juventus,0,0,0.282797,0.989111,11.8079,11.897,12.1260,-1.6614,9.5895,9.6419,-19.7227,-3.0459,-2.6403
2017-12-16 14:00:00,7665,(H) Inter,(V) Udinese,1,3,2.28911,2.92258,10.7759,12.126,11.1403,13.3113,9.6419,8.9979,20.241,-2.6403,-3.4676
2017-12-23 14:00:00,7676,(V) Inter,(H) Sassuolo,0,1,1.374,1.05639,9.5423,11.1403,10.1140,8.2977,8.9979,8.3010,15.0365,-3.4676,-4.5733
2017-12-30 17:00:00,7685,(H) Inter,(V) Lazio,0,0,0.748664,1.10057,10.67,10.114,9.7978,10.3739,8.301,7.8968,-8.285,-4.5733,-4.8015
2018-01-05 19:45:00,7693,(V) Inter,(H) Fiorentina,1,1,1.70975,1.92605,10.6336,9.7978,10.1628,8.0036,7.8968,8.2077,1.5137,-4.8015,-4.3824
2018-01-21 19:45:00,7706,(H) Inter,(V) Roma,1,1,1.52145,0.508088,10.1162,10.1628,10.1827,0.9998,8.2077,8.4809,-14.0169,-4.3824,-4.6158
2018-01-28 14:00:00,7714,(V) Inter,(H) SPAL 2013,1,1,0.59501,1.27704,9.7175,10.1827,10.0012,10.7256,8.4809,8.1289,12.9596,-4.6158,-4.6268
2018-02-03 19:45:00,7720,(H) Inter,(V) Crotone,1,1,0.549538,0.856894,10.1904,10.0012,9.7673,9.6186,8.1289,7.8182,22.2624,-4.6268,-4.7839
2018-02-11 14:00:00,7731,(H) Inter,(V) Bologna,2,1,2.40325,0.49514,9.4807,9.7673,9.8720,8.3115,7.8182,8.1500,19.8995,-4.7839,-5.1562
2018-02-17 19:45:00,7745,(V) Inter,(H) Genoa,0,2,0.887553,1.04779,11.5264,9.872,9.9270,13.2637,8.15,8.6650,14.7883,-5.1562,-5.0611
2018-02-24 19:45:00,7757,(H) Inter,(V) Benevento,2,0,0.8584,0.397877,8.8592,9.927,9.9064,11.0532,8.665,8.2596,16.6651,-5.0611,-5.1968
2018-03-11 19:45:00,7774,(H) Inter,(V) Napoli,0,0,0.163045,0.769509,11.8354,9.9064,10.4752,10.4683,8.2596,8.6768,-27.2974,-5.1968,-4.4763
2018-03-18 11:30:00,7785,(V) Inter,(H) Sampdoria,5,0,3.66236,0.477502,9.9302,10.4752,12.0539,0.4099,8.6768,9.8018,20.4502,-4.4763,-3.6938
2018-03-31 14:00:00,7791,(H) Inter,(V) Verona,3,0,3.15808,0.353122,9.0188,12.0539,12.6286,11.7464,9.8018,10.3278,25.2912,-3.6938,-3.8203
2018-04-04 17:30:00,7764,(V) Inter,(H) AC Milan,0,0,1.90098,0.685911,11.3741,12.6286,12.7054,10.8993,10.3278,10.7084,4.1002,-3.8203,-4.0473
2018-04-08 10:30:00,7805,(V) Inter,(H) Torino,0,1,0.8992,1.49351,11.1281,12.7054,12.0197,11.399,10.7084,10.1242,7.8578,-4.0473,-4.5844
2018-04-14 18:45:00,7812,(V) Inter,(H) Atalanta,0,0,1.05699,1.2701,10.5078,12.0197,11.6849,13.7103,10.1242,9.7361,5.0546,-4.5844,-4.8659
2018-04-17 18:45:00,7821,(H) Inter,(V) Cagliari,4,0,2.35054,0,8.6786,11.6849,11.6904,13.6088,9.7361,9.3293,19.4984,-4.8659,-5.4480
2018-04-22 13:00:00,7834,(V) Inter,(H) Chievo,2,1,1.76802,1.37033,10.4699,11.6904,11.6742,9.4081,9.3293,9.1625,25.2812,-5.448,-5.5636
2018-04-28 18:45:00,7842,(H) Inter,(V) Juventus,2,3,0.627335,1.35876,10.5941,11.6742,11.1883,-6.6549,9.1625,8.7438,-24.9068,-5.5636,-5.8666
2018-05-06 11:30:00,7855,(V) Inter,(H) Udinese,4,0,1.73111,0.926641,8.6547,11.1883,11.5035,13.1164,8.7438,8.2601,19.1935,-5.8666,-5.7525
2018-05-12 19:45:00,7866,(H) Inter,(V) Sassuolo,1,2,1.89115,1.19663,9.715,11.5035,10.7844,11.7593,8.2601,7.9647,15.1703,-5.7525,-6.6452
2018-05-20 14:00:00,7875,(V) Inter,(H) Lazio,3,2,2.13248,1.47009,11.9399,10.7844,11.3539,9.184,7.9647,8.4498,-9.5549,-6.6452,-6.2412
2018-08-19 21:30:00,9583,(V) Inter,(H) Sassuolo,0,1,1.20466,1.40451,10.5976,11.3539,11.1413,12.4224,8.4498,8.4373,16.2723,-6.2412,-6.4038
2018-08-26 21:30:00,9595,(H) Inter,(V) Torino,2,2,0.789096,0.921797,10.6737,11.1413,10.8991,10.0971,8.4373,8.1620,8.2507,-6.4038,-6.6128
2018-09-01 16:00:00,9598,(V) Inter,(H) Bologna,3,0,2.45978,0.494365,8.6907,10.8991,11.1437,6.612,8.162,8.1480,21.5192,-6.6128,-6.8595
2018-09-15 13:00:00,9611,(H) Inter,(V) Parma Calcio 1913,0,1,1.38542,0.297443,9.5471,11.1437,10.4334,9.554,8.148,7.9597,10.0404,-6.8595,-7.8418
2018-09-22 18:30:00,9624,(V) Inter,(H) Sampdoria,1,0,0.802538,0.399584,11.3576,10.4334,10.8772,2.1381,7.9597,8.2542,23.0773,-7.8418,-7.4988
2018-09-25 19:00:00,9631,(H) Inter,(V) Fiorentina,2,1,1.85911,1.78872,11.3722,10.8772,11.0953,9.5864,8.2542,8.2399,-0.5917,-7.4988,-7.2983
2018-09-29 18:30:00,9644,(H) Inter,(V) Cagliari,2,0,1.05314,0.144417,10.3125,11.0953,11.3396,15.3933,8.2399,8.2114,23.2318,-7.2983,-7.2812
2018-10-07 18:30:00,9654,(V) Inter,(H) SPAL 2013,2,1,1.34105,3.07945,9.8009,11.3396,11.3921,8.6505,8.2114,7.5793,16.7013,-7.2812,-6.7941
2018-10-21 18:30:00,9666,(H) Inter,(V) AC Milan,1,0,2.09049,0.64662,11.51,11.3921,11.6009,9.4902,7.5793,7.8991,2.7812,-6.7941,-6.9462
2018-10-29 18:30:00,9671,(V) Inter,(H) Lazio,3,0,1.61907,1.23598,11.0146,11.6009,12.2331,8.8944,7.8991,7.8770,-11.8661,-6.9462,-6.4098
2018-11-03 14:00:00,9680,(H) Inter,(V) Genoa,5,0,3.36518,0.257795,9.8449,12.2331,12.8434,12.4142,7.877,8.0141,14.0248,-6.4098,-6.5764
2018-11-11 11:30:00,9687,(V) Inter,(H) Atalanta,1,4,1.32091,4.13272,11.637,12.8434,12.0391,15.9109,8.0141,7.2568,2.3625,-6.5764,-6.6778
2018-11-24 19:30:00,9701,(H) Inter,(V) Frosinone,3,0,2.90785,0.196243,10.3254,12.0391,12.0267,11.2818,7.2568,7.1723,23.369,-6.6778,-7.3681
2018-12-02 19:30:00,9716,(V) Inter,(H) Roma,2,2,2.20984,1.71663,11.0066,12.0267,12.0279,0.7154,7.1723,7.2968,-17.7027,-7.3681,-7.4902
2018-12-07 19:30:00,9717,(V) Inter,(H) Juventus,0,1,1.04485,1.48282,12.0529,12.0279,11.7951,-6.4553,7.2968,7.2045,-28.939,-7.4902,-7.6135
2018-12-15 17:00:00,9733,(H) Inter,(V) Udinese,1,0,2.20046,0.32005,9.9085,11.7951,11.4177,15.9107,7.2045,7.0472,21.4067,-7.6135,-8.4610
2018-12-22 17:00:00,9743,(V) Inter,(H) Chievo,1,1,2.14287,0.607055,10.1577,11.4177,11.1696,11.5464,7.0472,7.1831,27.7685,-8.461,-9.0931
2018-12-26 19:30:00,9752,(H) Inter,(V) Napoli,1,0,1.06904,0.759023,11.6267,11.1696,11.4923,9.9418,7.1831,7.3333,-33.4377,-9.0931,-8.8479
2018-12-29 14:00:00,9758,(V) Inter,(H) Empoli,1,0,0.925165,0.431477,8.647,11.4923,11.3392,14.0555,7.3333,7.0536,18.4882,-8.8479,-9.1244
2019-01-19 19:30:00,9771,(H) Inter,(V) Sassuolo,0,0,1.24057,1.38113,8.93,11.3392,10.8506,10.1715,7.0536,6.5298,15.6876,-9.1244,-9.5779
2019-01-27 17:00:00,9781,(V) Inter,(H) Torino,0,1,0.771946,0.618747,10.8398,10.8506,10.6050,8.7836,6.5298,6.5724,8.6468,-9.5779,-9.8618
2019-02-03 17:00:00,9793,(H) Inter,(V) Bologna,0,1,0.997676,0.632144,8.6506,10.605,9.9683,7.7995,6.5724,6.2771,24.5018,-9.8618,-10.5899
2019-02-09 19:30:00,9803,(V) Inter,(H) Parma Calcio 1913,1,0,1.89919,0.466673,10.2707,9.9683,10.0945,8.797,6.2771,6.5115,13.2444,-10.5899,-10.8218
2019-02-17 17:00:00,9811,(H) Inter,(V) Sampdoria,2,1,1.92524,0.963167,10.1488,10.0945,10.5113,-0.7741,6.5115,6.9188,23.0722,-10.8218,-10.6455
2019-02-24 19:30:00,9819,(V) Inter,(H) Fiorentina,3,3,1.57732,1.51786,11.2216,10.5113,10.7466,9.5922,6.9188,7.1689,-1.6485,-10.6455,-10.4251
2019-03-01 19:30:00,9831,(V) Inter,(H) Cagliari,1,2,2.08951,2.08181,9.4775,10.7466,10.3077,14.957,7.1689,6.9819,24.9981,-10.4251,-10.8659
2019-03-10 14:00:00,9841,(H) Inter,(V) SPAL 2013,2,0,0.742227,0.167568,9.3835,10.3077,10.4390,9.6481,6.9819,6.7569,18.1194,-10.8659,-10.8782
2019-03-17 19:30:00,9856,(V) Inter,(H) AC Milan,3,2,2.91239,1.06311,11.0251,10.439,11.0994,7.4723,6.7569,7.6296,0.5794,-10.8782,-10.6801
2019-03-31 18:30:00,9861,(H) Inter,(V) Lazio,0,1,1.53815,1.60065,11.3302,11.0994,10.8857,9.7383,7.6296,7.6502,-14.0791,-10.6801,-10.8782
2019-04-03 20:00:00,9871,(V) Inter,(H) Genoa,4,0,2.36256,0.452482,10.0964,10.8857,11.8332,12.6904,7.6502,8.0752,16.0019,-10.8782,-10.4082
2019-04-07 17:00:00,9880,(H) Inter,(V) Atalanta,0,0,0.93775,1.22931,11.2846,11.8332,11.6083,15.3373,8.0752,7.7774,-2.0188,-10.4082,-10.5602
2019-04-14 19:30:00,9890,(V) Inter,(H) Frosinone,3,1,3.70567,0.789702,9.8134,11.6083,11.5891,12.2044,7.7774,7.9872,25.4224,-10.5602,-11.3084
2019-04-20 19:30:00,9906,(H) Inter,(V) Roma,1,1,1.60416,0.528078,10.2659,11.5891,11.0109,0.0555,7.9872,7.6780,-20.0241,-11.3084,-12.1556
2019-04-27 19:30:00,9907,(H) Inter,(V) Juventus,1,1,1.35633,0.581189,10.5689,11.0109,10.6854,-10.0184,7.678,7.5463,-33.5937,-12.1556,-12.6749
2019-05-04 19:30:00,9921,(V) Inter,(H) Udinese,0,0,2.27962,0.362542,9.8442,10.6854,10.5153,15.4742,7.5463,7.8554,24.2149,-12.6749,-13.3243
2019-05-13 20:00:00,9935,(H) Inter,(V) Chievo,2,0,2.00932,0.13114,8.8066,10.5153,10.5422,13.932,7.8554,7.8519,29.6807,-13.3243,-13.7669
2019-05-19 18:30:00,9946,(V) Inter,(H) Napoli,1,4,1.99068,1.74459,11.4491,10.5422,10.0393,9.3562,7.8519,8.1605,-37.2071,-13.7669,-14.3313
2019-05-26 18:30:00,9952,(H) Inter,(V) Empoli,2,1,2.74302,1.77275,10.9053,10.0393,10.0298,15.7421,8.1605,8.1435,22.3183,-14.3313,-14.5834
2019-08-26 19:45:00,13098,(H) Inter,(V) Lecce,4,0,2.14366,0.408768,10,10.0298,10.8950,10,8.1435,8.4424,10,-14.5834,-14.1519
2019-09-01 19:45:00,13105,(V) Inter,(H) Cagliari,2,1,1.77917,0.479896,9.205,10.895,11.1279,13.9773,8.4424,8.7501,26.4328,-14.1519,-14.2438
2019-09-14 18:45:00,13113,(H) Inter,(V) Udinese,1,0,1.56746,0.250925,10.2149,11.1279,11.3203,14.6221,8.7501,9.0216,25.0585,-14.2438,-14.3805
2019-09-21 18:45:00,13125,(V) Inter,(H) AC Milan,2,0,2.49224,1.09144,10.9039,11.3203,11.9239,6.9142,9.0216,9.4754,0.3952,-14.3805,-14.1270
2019-09-25 19:00:00,13133,(H) Inter,(V) Lazio,1,0,1.74169,1.3648,10.8151,11.9239,11.8348,9.2602,9.4754,9.2305,-15.131,-14.127,-14.3103
2019-09-28 16:00:00,13146,(V) Inter,(H) Sampdoria,3,1,2.16553,1.31073,9.6648,11.8348,11.8820,1.3178,9.2305,8.9914,22.012,-14.3103,-14.4768
2019-10-06 19:45:00,13155,(H) Inter,(V) Juventus,1,2,1.53885,1.22127,11.0223,11.882,11.2522,-9.3436,8.9914,8.6910,-33.8617,-14.4768,-15.1860
2019-10-20 11:30:00,13167,(V) Inter,(H) Sassuolo,4,3,3.04913,0.885577,9.6488,11.2522,11.3024,9.859,8.691,9.0320,18.9384,-15.186,-15.6767
2019-10-26 17:00:00,13174,(H) Inter,(V) Parma Calcio 1913,2,2,2.41687,0.950313,10.2395,11.3024,10.7669,8.5805,9.032,8.8631,16.3987,-15.6767,-16.5788
2019-10-29 20:00:00,13179,(V) Inter,(H) Brescia,2,1,0.769551,1.63039,9.4457,10.7669,10.8629,9.0035,8.8631,8.4939,10.8879,-16.5788,-16.2676
2019-11-02 17:00:00,13190,(V) Inter,(H) Bologna,2,1,2.09958,0.380245,10.1259,10.8629,11.0785,12.2016,8.4939,8.8894,20.8006,-16.2676,-16.4818
2019-11-09 17:00:00,13201,(H) Inter,(V) Verona,2,1,2.24655,1.27413,10.0553,11.0785,10.9775,13.1798,8.8894,8.7815,30.1808,-16.4818,-16.8260
2019-11-23 19:45:00,13218,(V) Inter,(H) Torino,3,0,1.46431,0.431759,10.4983,10.9775,11.4309,4.4577,8.7815,8.7431,10.0394,-16.826,-16.6307
2019-12-01 14:00:00,13224,(H) Inter,(V) SPAL 2013,2,1,2.136,1.15284,8.716,11.4309,11.0209,8.3476,8.7431,8.3289,19.8345,-16.6307,-17.2865
2019-12-06 19:45:00,13231,(H) Inter,(V) Roma,0,0,2.07846,0.214697,11.394,11.0209,10.7760,0.5917,8.3289,8.5500,-22.5546,-17.2865,-17.9973
2019-12-15 19:45:00,13242,(V) Inter,(H) Fiorentina,1,1,1.02941,0.570393,9.3239,10.776,10.4845,11.9667,8.55,8.3732,-4.5681,-17.9973,-18.4036
2019-12-21 17:00:00,13251,(H) Inter,(V) Genoa,4,0,2.34293,0.294882,9.7429,10.4845,11.1176,16.5408,8.3732,8.5183,16.945,-18.4036,-18.2825
2020-01-06 19:45:00,13266,(V) Inter,(H) Napoli,3,1,1.24209,1.69175,10.0373,11.1176,11.4323,8.4788,8.5183,8.2206,-40.9033,-18.2825,-17.8554
2020-01-11 19:45:00,13272,(H) Inter,(V) Atalanta,1,1,0.728607,2.54235,12.7433,11.4323,11.4009,16.6436,8.2206,7.7357,-8.1574,-17.8554,-17.4334
2020-01-19 14:00:00,13285,(V) Inter,(H) Lecce,1,1,2.1611,1.01391,8.3503,11.4009,10.7321,6.8854,7.7357,7.3537,13.8154,-17.4334,-18.3890
2020-01-26 11:30:00,13291,(H) Inter,(V) Cagliari,1,1,1.70002,0.830763,8.9692,10.7321,9.9195,10.0384,7.3537,6.7584,28.651,-18.389,-19.4189
2020-02-02 19:45:00,13308,(V) Inter,(H) Udinese,2,0,2.66609,0.728686,9.8084,9.9195,10.5320,14.1232,6.7584,7.3553,27.9943,-19.4189,-19.2907
2020-02-09 19:45:00,13312,(H) Inter,(V) AC Milan,4,2,1.71449,2.44935,10.5614,10.532,11.1232,8.5983,7.3553,7.2627,-0.7237,-19.2907,-18.5158
2020-02-16 19:45:00,13323,(V) Inter,(H) Lazio,1,2,0.639553,1.58388,11.7553,11.1232,11.3225,6.6364,7.2627,7.4760,-17.8765,-18.5158,-18.0804
2020-03-08 19:45:00,13340,(V) Inter,(H) Juventus,0,2,0.437285,1.2442,10.8097,11.3225,10.9040,-9.7921,7.476,7.3557,-38.3387,-18.0804,-18.2972
2020-06-21 19:45:00,13334,(H) Inter,(V) Sampdoria,2,1,2.49624,0.541736,9.2396,10.904,10.3622,2.814,7.3557,7.0526,21.6654,-18.2972,-19.3276
2020-06-24 17:30:00,13353,(H) Inter,(V) Sassuolo,3,3,3.29381,2.00772,10.4151,10.3622,10.2156,9.2669,7.0526,7.2275,21.063,-19.3276,-19.7957
2020-06-28 19:45:00,13365,(V) Inter,(H) Parma Calcio 1913,2,1,2.45298,1.00413,10.7721,10.2156,10.4185,5.612,7.2275,7.5426,19.9326,-19.7957,-19.9550
2020-07-01 17:30:00,13378,(H) Inter,(V) Brescia,6,0,4.23395,0.328274,10.0376,10.4185,11.6549,11.0756,7.5426,8.2554,15.7497,-19.955,-19.6950
2020-07-05 15:15:00,13387,(H) Inter,(V) Bologna,1,2,2.71687,1.07199,9.6644,11.6549,11.0710,12.3713,8.2554,8.3327,20.7079,-19.695,-20.6901
2020-07-09 19:45:00,13398,(V) Inter,(H) Verona,2,2,1.39814,1.24167,9.8898,11.071,10.8330,13.7605,8.3327,8.1338,29.019,-20.6901,-20.9673
2020-07-13 19:45:00,13404,(H) Inter,(V) Torino,3,1,2.51678,1.6953,9.6549,10.833,10.8057,5.1476,8.1338,7.8119,12.1623,-20.9673,-21.1999
2020-07-16 19:45:00,13412,(V) Inter,(H) SPAL 2013,4,0,2.53043,0.811137,8.2098,10.8057,11.3185,9.3897,7.8119,7.7545,23.78,-21.1999,-21.1169
2020-07-19 19:45:00,13427,(V) Inter,(H) Roma,2,2,1.5285,1.44189,10.7458,11.3185,11.3709,1.1927,7.7545,7.8286,-25.952,-21.1169,-21.0861
2020-07-22 19:45:00,13430,(H) Inter,(V) Fiorentina,0,0,2.59401,0.632994,10.6317,11.3709,10.9977,13.3573,7.8286,7.9456,-3.8428,-21.0861,-21.9496
2020-07-25 17:30:00,13441,(V) Inter,(H) Genoa,3,0,2.09129,0.396594,10.3615,10.9977,11.3670,18.4064,7.9456,7.9886,18.0667,-21.9496,-22.0040
2020-07-28 19:45:00,13450,(H) Inter,(V) Napoli,2,0,0.592135,1.16883,10.9273,11.367,11.6409,10.5626,7.9886,7.6183,-42.7079,-22.004,-21.5860
2020-08-01 18:45:00,13459,(V) Inter,(H) Atalanta,2,0,1.15739,1.01735,11.8299,11.6409,12.3567,14.6302,7.6183,7.8691,-15.221,-21.586,-20.9053
2020-09-26 18:45:00,14126,(H) Inter,(V) Fiorentina,4,3,1.69563,2.25332,10.9122,12.3567,12.4097,12.1438,7.8691,7.5327,-3.5683,-20.9053,-20.7129
2020-09-30 16:00:00,14133,(V) Inter,(H) Benevento,5,2,4.53244,1.2507,9.7644,12.4097,12.5404,12.4666,7.5327,7.7339,19.5626,-20.7129,-21.4026
2020-10-04 13:00:00,15452,(V) Inter,(H) Lazio,1,1,0.719092,1.20722,10.2253,12.5404,12.3112,3.8094,7.7339,7.3827,-18.859,-21.4026,-21.5097
2020-10-17 16:00:00,15457,(H) Inter,(V) AC Milan,1,2,2.54683,2.06232,12.2645,12.3112,11.8788,8.4889,7.3827,7.3214,-4.2086,-21.5097,-22.0633
2020-10-24 16:00:00,15470,(V) Inter,(H) Genoa,2,0,1.63844,0.0128508,9.4801,11.8788,11.8293,18.1776,7.3214,7.1783,18.5326,-22.0633,-22.5192
2020-10-31 17:00:00,15478,(H) Inter,(V) Parma Calcio 1913,2,2,3.0518,0.760875,8.9816,11.8293,10.9304,5.354,7.1783,6.8521,19.1097,-22.5192,-23.9909
2020-11-08 14:00:00,15486,(V) Inter,(H) Atalanta,1,1,0.815144,0.955473,10.0466,10.9304,10.6744,14.0069,6.8521,6.5610,-18.6643,-23.9909,-24.2118
2020-11-22 14:00:00,15498,(H) Inter,(V) Torino,4,2,3.74566,1.97826,9.6192,10.6744,10.8027,5.173,6.561,6.6311,13.5653,-24.2118,-24.5253
2020-11-28 14:00:00,15514,(V) Inter,(H) Sassuolo,3,0,1.49985,0.753035,11.8365,10.8027,11.9246,6.0521,6.6311,7.1897,22.6212,-24.5253,-23.5901
2020-12-05 19:45:00,15518,(H) Inter,(V) Bologna,3,1,1.98287,1.1214,11.0863,11.9246,12.4022,14.0228,7.1897,7.3826,23.9004,-23.5901,-23.3279
2020-12-13 11:30:00,15528,(V) Inter,(H) Cagliari,3,1,2.74594,1.61081,10.6278,12.4022,12.6644,10.364,7.3826,7.4285,34.392,-23.3279,-23.3495
2020-12-16 19:45:00,15539,(H) Inter,(V) Napoli,1,0,1.31797,3.25581,12.1534,12.6644,12.8214,10.3711,7.4285,6.8510,-44.5645,-23.3495,-22.7081
2020-12-20 14:00:00,15550,(H) Inter,(V) Spezia,2,1,1.26331,0.779401,9.2347,12.8214,12.0953,9.2987,6.851,5.9958,11.1705,-22.7081,-23.5552
2020-12-23 17:30:00,15565,(V) Inter,(H) Verona,2,1,2.0312,1.23629,10.0365,12.0953,11.8976,14.0506,5.9958,5.7469,29.7725,-23.5552,-23.9516
2021-01-03 11:30:00,15571,(H) Inter,(V) Crotone,6,2,2.4614,1.85185,10.2348,11.8976,12.2664,9.9944,5.7469,5.2680,26.9755,-23.9516,-23.7352
2021-01-06 14:00:00,15583,(V) Inter,(H) Sampdoria,1,2,2.49173,1.3375,10.4999,12.2664,11.8286,1.7808,5.268,5.3688,25.9682,-23.7352,-24.4615
2021-01-10 11:30:00,15592,(V) Inter,(H) Roma,2,2,1.9311,0.904251,11.3782,11.8286,11.6063,3.0016,5.3688,5.4032,-32.2457,-24.4615,-24.9405
2021-01-17 19:45:00,15600,(H) Inter,(V) Juventus,2,0,1.73238,0.368127,11.6498,11.6063,11.8700,-7.8391,5.4032,5.5079,-45.6122,-24.9405,-25.0179
2021-01-23 17:00:00,15614,(V) Inter,(H) Udinese,0,0,0.725987,0.210828,10.3956,11.87,11.5364,19.8362,5.5079,5.3031,25.456,-25.0179,-25.4803
2021-01-30 19:45:00,15624,(H) Inter,(V) Benevento,4,0,1.65732,0,9.2609,11.5364,11.7687,12.3331,5.3031,4.9497,22.1895,-25.4803,-25.6624
2021-02-05 19:45:00,15629,(V) Inter,(H) Fiorentina,2,0,2.48145,0.54225,9.4117,11.7687,11.7662,12.0011,4.9497,4.9320,-3.6768,-25.6624,-26.1497
2021-02-14 19:45:00,15641,(H) Inter,(V) Lazio,3,1,2.41606,0.975673,11.6076,11.7662,12.1995,3.1267,4.932,5.2254,-17.9118,-26.1497,-26.0765
2021-02-21 14:00:00,15648,(V) Inter,(H) AC Milan,3,0,2.95518,0.707265,11.0706,12.1995,13.0075,6.826,5.2254,5.8453,-8.1831,-26.0765,-25.8305
2021-02-28 14:00:00,15660,(H) Inter,(V) Genoa,3,0,2.85565,0.104998,11.0258,13.0075,13.4918,17.9665,5.8453,6.2673,22.835,-25.8305,-26.0338
2021-03-04 19:45:00,15666,(V) Inter,(H) Parma Calcio 1913,2,1,3.45928,0.807935,10.0088,13.4918,12.9541,8.007,6.2673,6.1424,24.2614,-26.0338,-27.2343
2021-03-08 19:45:00,15676,(H) Inter,(V) Atalanta,1,0,0.181511,0.676989,11.7313,12.9541,12.5734,14.6643,6.1424,5.3878,-21.9523,-27.2343,-27.4912
2021-03-14 14:00:00,15688,(V) Inter,(H) Torino,2,1,2.51476,1.35492,9.9344,12.5734,12.4412,5.9396,5.3878,5.2955,14.9289,-27.4912,-27.9134
2021-04-03 18:45:00,15708,(V) Inter,(H) Bologna,1,0,2.12357,1.26861,10.4616,12.4412,12.2599,12.7847,5.2955,5.0780,25.1389,-27.9134,-28.3084
2021-04-07 18:45:00,15703,(H) Inter,(V) Sassuolo,2,1,1.27678,0.868116,10.0693,12.2599,11.8059,5.9605,5.078,4.4761,21.6782,-28.3084,-28.8646
2021-04-11 10:30:00,15718,(H) Inter,(V) Cagliari,1,0,1.25573,0.242059,8.9929,11.8059,11.2423,9.7603,4.4761,3.9160,35.7261,-28.8646,-29.6816
2021-04-18 18:45:00,15729,(V) Inter,(H) Napoli,1,1,1.0199,0.584142,11.4288,11.2423,11.2268,9.5382,3.916,4.0094,-48.4305,-29.6816,-29.8061
2021-04-21 18:45:00,15740,(V) Inter,(H) Spezia,1,1,2.88353,0.0315577,9.3132,11.2268,10.9658,8.9994,4.0094,4.4614,14.1262,-29.8061,-30.7801
2021-04-25 13:00:00,15755,(H) Inter,(V) Verona,1,0,0.85992,1.06135,9.4484,10.9658,10.7196,13.4998,4.4614,3.9149,30.3969,-30.7801,-30.9759
2021-05-01 16:00:00,15761,(V) Inter,(H) Crotone,2,0,2.34169,0.759966,9.4811,10.7196,10.8973,10.0485,3.9149,3.9881,31.6645,-30.9759,-31.1936
2021-05-08 16:00:00,15773,(H) Inter,(V) Sampdoria,5,1,1.95771,1.4093,11.0666,10.8973,11.8004,1.123,3.9881,4.0283,27.7598,-31.1936,-30.4276
2021-05-12 18:45:00,15782,(H) Inter,(V) Roma,3,1,2.30537,0.961595,10.8556,11.8004,11.9241,2.9947,4.0283,3.9879,-33.0336,-30.4276,-30.6399
2021-05-15 16:00:00,15790,(V) Inter,(H) Juventus,2,3,1.34382,3.16532,10.6734,11.9241,11.3428,-7.8758,3.9879,3.2012,-51.5282,-30.6399,-30.7659
2021-05-23 13:00:00,15804,(H) Inter,(V) Udinese,5,1,3.52785,1.16043,9.2134,11.3428,11.6236,16.0574,3.2012,3.0738,27.8704,-30.7659,-31.0770
2021-08-21 16:30:00,16757,(H) Inter,(V) Genoa,4,0,2.20707,0.967177,11.3581,11.6236,12.3749,16.9792,3.0738,3.1351,25.4866,-31.077,-30.6357
2021-08-27 18:45:00,16767,(V) Inter,(H) Verona,3,1,1.8369,0.603998,10.2516,12.3749,12.6632,15.3581,3.1351,3.2316,30.8949,-30.6357,-30.6557
2021-09-12 10:30:00,16783,(V) Inter,(H) Sampdoria,2,2,0.965476,1.46613,11.2194,12.6632,12.4428,1.527,3.2316,2.8861,27.9111,-30.6557,-30.7509
2021-09-18 16:00:00,16789,(H) Inter,(V) Bologna,6,1,4.28011,0.855616,10.3269,12.4428,12.8836,13.8637,2.8861,2.9330,25.5404,-30.7509,-31.1662
2021-09-21 18:45:00,16799,(V) Inter,(H) Fiorentina,3,1,2.73737,1.733,10.8275,12.8836,12.9658,10.1435,2.933,2.7663,1.2622,-31.1662,-31.3351
2021-09-25 16:00:00,16808,(H) Inter,(V) Atalanta,2,2,3.52091,1.50237,10.0304,12.9658,12.0216,13.2643,2.7663,2.3267,-28.2042,-31.3351,-32.7839
2021-10-02 18:45:00,16824,(V) Inter,(H) Sassuolo,2,1,2.04169,1.61921,9.1469,12.0216,11.5534,4.8168,2.3267,1.7141,19.4767,-32.7839,-33.3578
2021-10-16 16:00:00,16830,(V) Inter,(H) Lazio,1,3,1.44791,2.31397,10.4637,11.5534,11.0373,3.6665,1.7141,1.4815,-20.7398,-33.3578,-33.6574
2021-10-24 18:45:00,16840,(H) Inter,(V) Juventus,1,1,0.961912,1.34492,11.9714,11.0373,10.9935,-5.905,1.4815,1.3420,-52.4029,-33.6574,-33.6054
2021-10-27 18:45:00,16847,(V) Inter,(H) Empoli,2,0,3.07924,0.542985,10.0432,10.9935,11.3003,14.3436,1.342,1.7829,23.2429,-33.6054,-33.9327
2021-10-31 11:30:00,16861,(H) Inter,(V) Udinese,2,0,2.0569,0.303819,10.5238,11.3003,11.5413,18.317,1.7829,1.9622,29.7318,-33.9327,-34.1299
2021-11-07 19:45:00,16870,(V) Inter,(H) AC Milan,1,1,2.34764,1.15715,12.032,11.5413,11.7522,4.9341,1.9622,2.4707,-11.3682,-34.1299,-34.2166
2021-11-21 17:00:00,16881,(H) Inter,(V) Napoli,3,2,2.19596,0.941603,11.6565,11.7522,12.0021,7.0009,2.4707,2.7842,-53.9377,-34.2166,-34.2803
2021-11-27 19:45:00,16895,(V) Inter,(H) Venezia,2,0,2.60343,0.192519,10.7055,12.0021,12.1929,10.9667,2.7842,3.0777,12.1945,-34.2803,-34.6922
2021-12-01 17:30:00,16901,(H) Inter,(V) Spezia,0,0,2.85144,0.25153,9.4173,12.1929,11.4368,10.2817,3.0777,2.9716,17.802,-34.6922,-36.0982
